rank	candidate	layer	stage	candidate_full_shape	reference_full_shape	candidate_dtype	reference_dtype	exact	different_elements	elements	reference_norm	difference_norm	zero_reference_status	rel_l2	max_abs	candidate_nonfinite	reference_nonfinite
0	diagnostic-B2	0	layer_entry	2x5120	1x5120	torch.bfloat16	torch.bfloat16	true	0	5120	10.023543357849121	0.0	not_zero	0.0	0.0	0	0
0	diagnostic-B2	0	attn_norm_in	2x5120	1x5120	torch.bfloat16	torch.bfloat16	true	0	5120	10.023543357849121	0.0	not_zero	0.0	0.0	0	0
0	diagnostic-B2	0	attn_norm_out	2x5120	1x5120	torch.bfloat16	torch.bfloat16	true	0	5120	1.4394901990890503	0.0	not_zero	0.0	0.0	0	0
0	diagnostic-B2	0	attn_in	2x5120	1x5120	torch.bfloat16	torch.bfloat16	true	0	5120	1.4394901990890503	0.0	not_zero	0.0	0.0	0	0
0	diagnostic-B2	0	attn_out	2x5120	1x5120	torch.bfloat16	torch.bfloat16	true	0	5120	54.067481994628906	0.0	not_zero	0.0	0.0	0	0
0	diagnostic-B2	0	ffn_norm_in	2x5120	1x5120	torch.bfloat16	torch.bfloat16	true	0	5120	19.526836395263672	0.0	not_zero	0.0	0.0	0	0
0	diagnostic-B2	0	ffn_norm_out	2x5120	1x5120	torch.bfloat16	torch.bfloat16	true	0	5120	8.996875762939453	0.0	not_zero	0.0	0.0	0	0
0	diagnostic-B2	0	ffn_in	2x5120	1x5120	torch.bfloat16	torch.bfloat16	true	0	5120	8.996875762939453	0.0	not_zero	0.0	0.0	0	0
0	diagnostic-B2	0	ffn_out	2x5120	1x5120	torch.bfloat16	torch.bfloat16	false	3766	5120	8.766240119934082	0.059798501431941986	not_zero	0.006821453737727599	0.0078125	0	0
0	diagnostic-B2	1	layer_entry	2x5120	1x5120	torch.bfloat16	torch.bfloat16	false	3766	5120	8.766240119934082	0.059798501431941986	not_zero	0.006821453737727599	0.0078125	0	0
0	diagnostic-B2	1	attn_norm_in	2x5120	1x5120	torch.bfloat16	torch.bfloat16	false	2686	5120	14.400200843811035	0.05809938162565231	not_zero	0.0040346230067077465	0.0078125	0	0
0	diagnostic-B2	1	attn_norm_out	2x5120	1x5120	torch.bfloat16	torch.bfloat16	false	2906	5120	1.5649936199188232	0.006939462386071682	not_zero	0.0044341793460037455	0.00048828125	0	0
0	diagnostic-B2	1	attn_in	2x5120	1x5120	torch.bfloat16	torch.bfloat16	false	2906	5120	1.5649936199188232	0.006939462386071682	not_zero	0.0044341793460037455	0.00048828125	0	0
0	diagnostic-B2	1	attn_out	2x5120	1x5120	torch.bfloat16	torch.bfloat16	false	3816	5120	34.456581115722656	0.25625285506248474	not_zero	0.007436978561565868	0.03125	0	0
0	diagnostic-B2	1	ffn_norm_in	2x5120	1x5120	torch.bfloat16	torch.bfloat16	false	3133	5120	30.5642032623291	0.1455073207616806	not_zero	0.004760710413839605	0.0224609375	0	0
0	diagnostic-B2	1	ffn_norm_out	2x5120	1x5120	torch.bfloat16	torch.bfloat16	false	3406	5120	9.398193359375	0.048843465745449066	not_zero	0.005197112240378215	0.00390625	0	0
0	diagnostic-B2	1	ffn_in	2x5120	1x5120	torch.bfloat16	torch.bfloat16	false	3406	5120	9.398193359375	0.048843465745449066	not_zero	0.005197112240378215	0.00390625	0	0
0	diagnostic-B2	1	ffn_out	2x5120	1x5120	torch.bfloat16	torch.bfloat16	false	4139	5120	5.771538734436035	0.06006960570812225	not_zero	0.010407901336556124	0.00390625	0	0
0	diagnostic-B2	2	layer_entry	2x5120	1x5120	torch.bfloat16	torch.bfloat16	false	4139	5120	5.771538734436035	0.06006960570812225	not_zero	0.010407901336556124	0.00390625	0	0
0	diagnostic-B2	2	attn_norm_in	2x5120	1x5120	torch.bfloat16	torch.bfloat16	false	3749	5120	22.740814208984375	0.14253568649291992	not_zero	0.006267835671275452	0.017578125	0	0
0	diagnostic-B2	2	attn_norm_out	2x5120	1x5120	torch.bfloat16	torch.bfloat16	false	3866	5120	2.3065195083618164	0.014713788405060768	not_zero	0.006379216976799428	0.001953125	0	0
0	diagnostic-B2	2	attn_in	2x5120	1x5120	torch.bfloat16	torch.bfloat16	false	3866	5120	2.3065195083618164	0.014713788405060768	not_zero	0.006379216976799428	0.001953125	0	0
0	diagnostic-B2	2	attn_out	2x5120	1x5120	torch.bfloat16	torch.bfloat16	false	3962	5120	31.994749069213867	0.2843332290649414	not_zero	0.008886871669155668	0.015625	0	0
0	diagnostic-B2	2	ffn_norm_in	2x5120	1x5120	torch.bfloat16	torch.bfloat16	false	4001	5120	19.641082763671875	0.1573941558599472	not_zero	0.008013517266525818	0.015625	0	0
0	diagnostic-B2	2	ffn_norm_out	2x5120	1x5120	torch.bfloat16	torch.bfloat16	false	4069	5120	10.396515846252441	0.08554989844560623	not_zero	0.008228708512616157	0.005859375	0	0
0	diagnostic-B2	2	ffn_in	2x5120	1x5120	torch.bfloat16	torch.bfloat16	false	4069	5120	10.396515846252441	0.08554989844560623	not_zero	0.008228708512616157	0.005859375	0	0
0	diagnostic-B2	2	ffn_out	2x5120	1x5120	torch.bfloat16	torch.bfloat16	false	4490	5120	5.6896257400512695	0.08935512602329254	not_zero	0.015704921572308437	0.0078125	0	0
0	diagnostic-B2	3	layer_entry	2x5120	1x5120	torch.bfloat16	torch.bfloat16	false	4490	5120	5.6896257400512695	0.08935512602329254	not_zero	0.015704921572308437	0.0078125	0	0
0	diagnostic-B2	3	attn_norm_in	2x5120	1x5120	torch.bfloat16	torch.bfloat16	false	4087	5120	16.937992095947266	0.14676770567893982	not_zero	0.008665000246047863	0.009765625	0	0
0	diagnostic-B2	3	attn_norm_out	2x5120	1x5120	torch.bfloat16	torch.bfloat16	false	4228	5120	1.4959101676940918	0.012855172157287598	not_zero	0.008593545544986519	0.00091552734375	0	0
0	diagnostic-B2	3	attn_in	2x5120	1x5120	torch.bfloat16	torch.bfloat16	false	4228	5120	1.4959101676940918	0.012855172157287598	not_zero	0.008593545544986519	0.00091552734375	0	0
0	diagnostic-B2	3	attn_out	2x5120	1x5120	torch.bfloat16	torch.bfloat16	false	3796	5120	29.565189361572266	0.22743795812129974	not_zero	0.007692761759101572	0.015625	0	0
0	diagnostic-B2	3	ffn_norm_in	2x5120	1x5120	torch.bfloat16	torch.bfloat16	false	3957	5120	17.3911075592041	0.14121145009994507	not_zero	0.008119750258528536	0.01171875	0	0
0	diagnostic-B2	3	ffn_norm_out	2x5120	1x5120	torch.bfloat16	torch.bfloat16	false	4120	5120	11.72196102142334	0.09736881405115128	not_zero	0.00830652941715108	0.0078125	0	0
0	diagnostic-B2	3	ffn_in	2x5120	1x5120	torch.bfloat16	torch.bfloat16	false	4120	5120	11.72196102142334	0.09736881405115128	not_zero	0.00830652941715108	0.0078125	0	0
0	diagnostic-B2	3	ffn_out	2x5120	1x5120	torch.bfloat16	torch.bfloat16	false	4469	5120	5.971574306488037	0.09054368734359741	not_zero	0.015162448409161196	0.004150390625	0	0
0	diagnostic-B2	4	layer_entry	2x5120	1x5120	torch.bfloat16	torch.bfloat16	false	4469	5120	5.971574306488037	0.09054368734359741	not_zero	0.015162448409161196	0.004150390625	0	0
0	diagnostic-B2	4	attn_norm_in	2x5120	1x5120	torch.bfloat16	torch.bfloat16	false	4089	5120	19.116352081298828	0.17010058462619781	not_zero	0.008898171779991648	0.009765625	0	0
0	diagnostic-B2	4	attn_norm_out	2x5120	1x5120	torch.bfloat16	torch.bfloat16	false	4197	5120	1.5449882745742798	0.013835014775395393	not_zero	0.008954770080185638	0.0009765625	0	0
0	diagnostic-B2	4	attn_in	2x5120	1x5120	torch.bfloat16	torch.bfloat16	false	4197	5120	1.5449882745742798	0.013835014775395393	not_zero	0.008954770080185638	0.0009765625	0	0
0	diagnostic-B2	4	attn_out	2x5120	1x5120	torch.bfloat16	torch.bfloat16	false	3933	5120	31.927892684936523	0.2779444456100464	not_zero	0.008705380225146511	0.015625	0	0
0	diagnostic-B2	4	ffn_norm_in	2x5120	1x5120	torch.bfloat16	torch.bfloat16	false	4097	5120	23.699920654296875	0.20481276512145996	not_zero	0.008641917756139268	0.01171875	0	0
0	diagnostic-B2	4	ffn_norm_out	2x5120	1x5120	torch.bfloat16	torch.bfloat16	false	4191	5120	12.438974380493164	0.11090630292892456	not_zero	0.008916032748073519	0.00634765625	0	0
0	diagnostic-B2	4	ffn_in	2x5120	1x5120	torch.bfloat16	torch.bfloat16	false	4191	5120	12.438974380493164	0.11090630292892456	not_zero	0.008916032748073519	0.00634765625	0	0
0	diagnostic-B2	4	ffn_out	2x5120	1x5120	torch.bfloat16	torch.bfloat16	false	4546	5120	8.14199161529541	0.1319386065006256	not_zero	0.01620470920809694	0.0078125	0	0
0	diagnostic-B2	5	layer_entry	2x5120	1x5120	torch.bfloat16	torch.bfloat16	false	4546	5120	8.14199161529541	0.1319386065006256	not_zero	0.01620470920809694	0.0078125	0	0
0	diagnostic-B2	5	attn_norm_in	2x5120	1x5120	torch.bfloat16	torch.bfloat16	false	4266	5120	27.409902572631836	0.2942228317260742	not_zero	0.01073418013604503	0.015625	0	0
0	diagnostic-B2	5	attn_norm_out	2x5120	1x5120	torch.bfloat16	torch.bfloat16	false	4325	5120	1.6721417903900146	0.0171222947537899	not_zero	0.010239738550997074	0.0009765625	0	0
0	diagnostic-B2	5	attn_in	2x5120	1x5120	torch.bfloat16	torch.bfloat16	false	4325	5120	1.6721417903900146	0.0171222947537899	not_zero	0.010239738550997074	0.0009765625	0	0
0	diagnostic-B2	5	attn_out	2x5120	1x5120	torch.bfloat16	torch.bfloat16	false	4268	5120	27.721786499023438	0.3433650732040405	not_zero	0.012386109142574066	0.01953125	0	0
0	diagnostic-B2	5	ffn_norm_in	2x5120	1x5120	torch.bfloat16	torch.bfloat16	false	4280	5120	28.066465377807617	0.28982824087142944	not_zero	0.0103264959434685	0.01953125	0	0
0	diagnostic-B2	5	ffn_norm_out	2x5120	1x5120	torch.bfloat16	torch.bfloat16	false	4318	5120	13.02416706085205	0.135903999209404	not_zero	0.010434755525971659	0.0078125	0	0
0	diagnostic-B2	5	ffn_in	2x5120	1x5120	torch.bfloat16	torch.bfloat16	false	4318	5120	13.02416706085205	0.135903999209404	not_zero	0.010434755525971659	0.0078125	0	0
0	diagnostic-B2	5	ffn_out	2x5120	1x5120	torch.bfloat16	torch.bfloat16	false	4541	5120	7.068871021270752	0.1171267032623291	not_zero	0.016569364883004124	0.0078125	0	0
0	diagnostic-B2	6	layer_entry	2x5120	1x5120	torch.bfloat16	torch.bfloat16	false	4541	5120	7.068871021270752	0.1171267032623291	not_zero	0.016569364883004124	0.0078125	0	0
0	diagnostic-B2	6	attn_norm_in	2x5120	1x5120	torch.bfloat16	torch.bfloat16	false	4297	5120	25.0979061126709	0.29587239027023315	not_zero	0.011788728069265482	0.0234375	0	0
0	diagnostic-B2	6	attn_norm_out	2x5120	1x5120	torch.bfloat16	torch.bfloat16	false	4327	5120	1.6357624530792236	0.017941856756806374	not_zero	0.010968497732071009	0.0009765625	0	0
0	diagnostic-B2	6	attn_in	2x5120	1x5120	torch.bfloat16	torch.bfloat16	false	4327	5120	1.6357624530792236	0.017941856756806374	not_zero	0.010968497732071009	0.0009765625	0	0
0	diagnostic-B2	6	attn_out	2x5120	1x5120	torch.bfloat16	torch.bfloat16	false	4053	5120	33.20033264160156	0.3208478093147278	not_zero	0.009663993815311673	0.017578125	0	0
0	diagnostic-B2	6	ffn_norm_in	2x5120	1x5120	torch.bfloat16	torch.bfloat16	false	4239	5120	28.92302894592285	0.2982163727283478	not_zero	0.010310689564565332	0.015625	0	0
0	diagnostic-B2	6	ffn_norm_out	2x5120	1x5120	torch.bfloat16	torch.bfloat16	false	4257	5120	14.630702018737793	0.1507544368505478	not_zero	0.010303978350285172	0.0078125	0	0
0	diagnostic-B2	6	ffn_in	2x5120	1x5120	torch.bfloat16	torch.bfloat16	false	4257	5120	14.630702018737793	0.1507544368505478	not_zero	0.010303978350285172	0.0078125	0	0
0	diagnostic-B2	6	ffn_out	2x5120	1x5120	torch.bfloat16	torch.bfloat16	false	4616	5120	12.12454605102539	0.21962273120880127	not_zero	0.018113893112742762	0.015625	0	0
0	diagnostic-B2	7	layer_entry	2x5120	1x5120	torch.bfloat16	torch.bfloat16	false	4616	5120	12.12454605102539	0.21962273120880127	not_zero	0.018113893112742762	0.015625	0	0
0	diagnostic-B2	7	attn_norm_in	2x5120	1x5120	torch.bfloat16	torch.bfloat16	false	4391	5120	32.34659957885742	0.43422970175743103	not_zero	0.013424276660018844	0.03125	0	0
0	diagnostic-B2	7	attn_norm_out	2x5120	1x5120	torch.bfloat16	torch.bfloat16	false	4445	5120	1.6963090896606445	0.020942814648151398	not_zero	0.012346107661511804	0.00146484375	0	0
0	diagnostic-B2	7	attn_in	2x5120	1x5120	torch.bfloat16	torch.bfloat16	false	4445	5120	1.6963090896606445	0.020942814648151398	not_zero	0.012346107661511804	0.00146484375	0	0
0	diagnostic-B2	7	attn_out	2x5120	1x5120	torch.bfloat16	torch.bfloat16	false	4387	5120	26.391679763793945	0.3784204125404358	not_zero	0.01433862550346571	0.01953125	0	0
0	diagnostic-B2	7	ffn_norm_in	2x5120	1x5120	torch.bfloat16	torch.bfloat16	false	4431	5120	27.094926834106445	0.31692394614219666	not_zero	0.01169680021956215	0.0234375	0	0
0	diagnostic-B2	7	ffn_norm_out	2x5120	1x5120	torch.bfloat16	torch.bfloat16	false	4444	5120	16.908466339111328	0.1996847242116928	not_zero	0.011809747862808698	0.01171875	0	0
0	diagnostic-B2	7	ffn_in	2x5120	1x5120	torch.bfloat16	torch.bfloat16	false	4444	5120	16.908466339111328	0.1996847242116928	not_zero	0.011809747862808698	0.01171875	0	0
0	diagnostic-B2	7	ffn_out	2x5120	1x5120	torch.bfloat16	torch.bfloat16	false	4569	5120	13.419835090637207	0.23678633570671082	not_zero	0.017644504131940686	0.0126953125	0	0
0	diagnostic-B2	8	layer_entry	2x5120	1x5120	torch.bfloat16	torch.bfloat16	false	4569	5120	13.419835090637207	0.23678633570671082	not_zero	0.017644504131940686	0.0126953125	0	0
0	diagnostic-B2	8	attn_norm_in	2x5120	1x5120	torch.bfloat16	torch.bfloat16	false	4415	5120	39.79330062866211	0.478594571352005	not_zero	0.01202701368800972	0.03125	0	0
0	diagnostic-B2	8	attn_norm_out	2x5120	1x5120	torch.bfloat16	torch.bfloat16	false	4362	5120	3.7556095123291016	0.04689573124051094	not_zero	0.012486849627619513	0.03125	0	0
0	diagnostic-B2	8	attn_in	2x5120	1x5120	torch.bfloat16	torch.bfloat16	false	4362	5120	3.7556095123291016	0.04689573124051094	not_zero	0.012486849627619513	0.03125	0	0
0	diagnostic-B2	8	attn_out	2x5120	1x5120	torch.bfloat16	torch.bfloat16	false	4091	5120	49.9599494934082	0.4949744641780853	not_zero	0.009907425231552587	0.03125	0	0
0	diagnostic-B2	8	ffn_norm_in	2x5120	1x5120	torch.bfloat16	torch.bfloat16	false	4398	5120	31.450969696044922	0.3637100160121918	not_zero	0.011564349828550109	0.0234375	0	0
0	diagnostic-B2	8	ffn_norm_out	2x5120	1x5120	torch.bfloat16	torch.bfloat16	false	4326	5120	15.656110763549805	0.17635424435138702	not_zero	0.011264243528601682	0.009765625	0	0
0	diagnostic-B2	8	ffn_in	2x5120	1x5120	torch.bfloat16	torch.bfloat16	false	4326	5120	15.656110763549805	0.17635424435138702	not_zero	0.011264243528601682	0.009765625	0	0
0	diagnostic-B2	8	ffn_out	2x5120	1x5120	torch.bfloat16	torch.bfloat16	false	4703	5120	10.29256820678711	0.21647696197032928	not_zero	0.02103235631973567	0.013671875	0	0
0	diagnostic-B2	9	layer_entry	2x5120	1x5120	torch.bfloat16	torch.bfloat16	false	4703	5120	10.29256820678711	0.21647696197032928	not_zero	0.02103235631973567	0.013671875	0	0
0	diagnostic-B2	9	attn_norm_in	2x5120	1x5120	torch.bfloat16	torch.bfloat16	false	4559	5120	28.068960189819336	0.40736106038093567	not_zero	0.01451286608503176	0.0234375	0	0
0	diagnostic-B2	9	attn_norm_out	2x5120	1x5120	torch.bfloat16	torch.bfloat16	false	4418	5120	1.8644509315490723	0.024247393012046814	not_zero	0.013005111908148183	0.001556396484375	0	0
0	diagnostic-B2	9	attn_in	2x5120	1x5120	torch.bfloat16	torch.bfloat16	false	4418	5120	1.8644509315490723	0.024247393012046814	not_zero	0.013005111908148183	0.001556396484375	0	0
0	diagnostic-B2	9	attn_out	2x5120	1x5120	torch.bfloat16	torch.bfloat16	false	4466	5120	44.96403503417969	0.7082379460334778	not_zero	0.01575120972784374	0.0390625	0	0
0	diagnostic-B2	9	ffn_norm_in	2x5120	1x5120	torch.bfloat16	torch.bfloat16	false	4482	5120	32.66891098022461	0.4173097610473633	not_zero	0.012773910991400123	0.0238037109375	0	0
0	diagnostic-B2	9	ffn_norm_out	2x5120	1x5120	torch.bfloat16	torch.bfloat16	false	4471	5120	16.351778030395508	0.21107736229896545	not_zero	0.012908526638913776	0.0119171142578125	0	0
0	diagnostic-B2	9	ffn_in	2x5120	1x5120	torch.bfloat16	torch.bfloat16	false	4471	5120	16.351778030395508	0.21107736229896545	not_zero	0.012908526638913776	0.0119171142578125	0	0
0	diagnostic-B2	9	ffn_out	2x5120	1x5120	torch.bfloat16	torch.bfloat16	false	4633	5120	11.581546783447266	0.23077161610126495	not_zero	0.019925802694255958	0.015625	0	0
0	diagnostic-B2	10	layer_entry	2x5120	1x5120	torch.bfloat16	torch.bfloat16	false	4633	5120	11.581546783447266	0.23077161610126495	not_zero	0.019925802694255958	0.015625	0	0
0	diagnostic-B2	10	attn_norm_in	2x5120	1x5120	torch.bfloat16	torch.bfloat16	false	4589	5120	35.719173431396484	0.5709219574928284	not_zero	0.01598362735322981	0.033935546875	0	0
0	diagnostic-B2	10	attn_norm_out	2x5120	1x5120	torch.bfloat16	torch.bfloat16	false	4485	5120	1.893085241317749	0.02678721956908703	not_zero	0.01415003349264972	0.0018157958984375	0	0
0	diagnostic-B2	10	attn_in	2x5120	1x5120	torch.bfloat16	torch.bfloat16	false	4485	5120	1.893085241317749	0.02678721956908703	not_zero	0.01415003349264972	0.0018157958984375	0	0
0	diagnostic-B2	10	attn_out	2x5120	1x5120	torch.bfloat16	torch.bfloat16	false	4383	5120	39.43046569824219	0.5850330591201782	not_zero	0.014837082158688758	0.03125	0	0
0	diagnostic-B2	10	ffn_norm_in	2x5120	1x5120	torch.bfloat16	torch.bfloat16	false	4571	5120	35.68378829956055	0.5416353344917297	not_zero	0.015178750920299572	0.03125	0	0
0	diagnostic-B2	10	ffn_norm_out	2x5120	1x5120	torch.bfloat16	torch.bfloat16	false	4522	5120	15.940790176391602	0.2262434959411621	not_zero	0.0141927403496114	0.0142822265625	0	0
0	diagnostic-B2	10	ffn_in	2x5120	1x5120	torch.bfloat16	torch.bfloat16	false	4522	5120	15.940790176391602	0.2262434959411621	not_zero	0.0141927403496114	0.0142822265625	0	0
0	diagnostic-B2	10	ffn_out	2x5120	1x5120	torch.bfloat16	torch.bfloat16	false	4664	5120	9.366169929504395	0.20701071619987488	not_zero	0.022101960327216563	0.01171875	0	0
0	diagnostic-B2	11	layer_entry	2x5120	1x5120	torch.bfloat16	torch.bfloat16	false	4664	5120	9.366169929504395	0.20701071619987488	not_zero	0.022101960327216563	0.01171875	0	0
0	diagnostic-B2	11	attn_norm_in	2x5120	1x5120	torch.bfloat16	torch.bfloat16	false	4554	5120	37.18736267089844	0.593153715133667	not_zero	0.01595041090660212	0.03125	0	0
0	diagnostic-B2	11	attn_norm_out	2x5120	1x5120	torch.bfloat16	torch.bfloat16	false	4492	5120	1.9248926639556885	0.02880352921783924	not_zero	0.01496370668203778	0.00146484375	0	0
0	diagnostic-B2	11	attn_in	2x5120	1x5120	torch.bfloat16	torch.bfloat16	false	4492	5120	1.9248926639556885	0.02880352921783924	not_zero	0.01496370668203778	0.00146484375	0	0
0	diagnostic-B2	11	attn_out	2x5120	1x5120	torch.bfloat16	torch.bfloat16	false	4474	5120	39.08633804321289	0.6162185072898865	not_zero	0.01576557278424524	0.03125	0	0
0	diagnostic-B2	11	ffn_norm_in	2x5120	1x5120	torch.bfloat16	torch.bfloat16	false	4528	5120	38.738407135009766	0.5888929963111877	not_zero	0.015201786543747091	0.03125	0	0
0	diagnostic-B2	11	ffn_norm_out	2x5120	1x5120	torch.bfloat16	torch.bfloat16	false	4502	5120	17.100210189819336	0.24447081983089447	not_zero	0.014296363443324278	0.013671875	0	0
0	diagnostic-B2	11	ffn_in	2x5120	1x5120	torch.bfloat16	torch.bfloat16	false	4502	5120	17.100210189819336	0.24447081983089447	not_zero	0.014296363443324278	0.013671875	0	0
0	diagnostic-B2	11	ffn_out	2x5120	1x5120	torch.bfloat16	torch.bfloat16	false	4642	5120	13.7267427444458	0.2792924642562866	not_zero	0.0203465941961574	0.017578125	0	0
0	diagnostic-B2	12	layer_entry	2x5120	1x5120	torch.bfloat16	torch.bfloat16	false	4642	5120	13.7267427444458	0.2792924642562866	not_zero	0.0203465941961574	0.017578125	0	0
0	diagnostic-B2	12	attn_norm_in	2x5120	1x5120	torch.bfloat16	torch.bfloat16	false	4536	5120	39.854732513427734	0.598151683807373	not_zero	0.015008297536706478	0.03125	0	0
0	diagnostic-B2	12	attn_norm_out	2x5120	1x5120	torch.bfloat16	torch.bfloat16	false	4641	5120	1.916431188583374	0.028771812096238136	not_zero	0.015013224720844926	0.00146484375	0	0
0	diagnostic-B2	12	attn_in	2x5120	1x5120	torch.bfloat16	torch.bfloat16	false	4641	5120	1.916431188583374	0.028771812096238136	not_zero	0.015013224720844926	0.00146484375	0	0
0	diagnostic-B2	12	attn_out	2x5120	1x5120	torch.bfloat16	torch.bfloat16	false	4556	5120	41.632877349853516	0.7854739427566528	not_zero	0.018866674435112436	0.0625	0	0
0	diagnostic-B2	12	ffn_norm_in	2x5120	1x5120	torch.bfloat16	torch.bfloat16	false	4602	5120	51.937034606933594	0.8242591619491577	not_zero	0.01587035471291846	0.046875	0	0
0	diagnostic-B2	12	ffn_norm_out	2x5120	1x5120	torch.bfloat16	torch.bfloat16	false	4497	5120	16.476173400878906	0.24404732882976532	not_zero	0.01481213646469312	0.01171875	0	0
0	diagnostic-B2	12	ffn_in	2x5120	1x5120	torch.bfloat16	torch.bfloat16	false	4497	5120	16.476173400878906	0.24404732882976532	not_zero	0.01481213646469312	0.01171875	0	0
0	diagnostic-B2	12	ffn_out	2x5120	1x5120	torch.bfloat16	torch.bfloat16	false	4677	5120	11.648482322692871	0.2557154595851898	not_zero	0.021952684693268613	0.013671875	0	0
0	diagnostic-B2	13	layer_entry	2x5120	1x5120	torch.bfloat16	torch.bfloat16	false	4677	5120	11.648482322692871	0.2557154595851898	not_zero	0.021952684693268613	0.013671875	0	0
0	diagnostic-B2	13	attn_norm_in	2x5120	1x5120	torch.bfloat16	torch.bfloat16	false	4508	5120	40.64252471923828	0.6026214361190796	not_zero	0.01482736223406482	0.03125	0	0
0	diagnostic-B2	13	attn_norm_out	2x5120	1x5120	torch.bfloat16	torch.bfloat16	false	4571	5120	1.6890618801116943	0.02472209371626377	not_zero	0.014636582594966235	0.001251220703125	0	0
0	diagnostic-B2	13	attn_in	2x5120	1x5120	torch.bfloat16	torch.bfloat16	false	4571	5120	1.6890618801116943	0.02472209371626377	not_zero	0.014636582594966235	0.001251220703125	0	0
0	diagnostic-B2	13	attn_out	2x5120	1x5120	torch.bfloat16	torch.bfloat16	false	4528	5120	35.86527633666992	0.6368982195854187	not_zero	0.017758073675685902	0.0361328125	0	0
0	diagnostic-B2	13	ffn_norm_in	2x5120	1x5120	torch.bfloat16	torch.bfloat16	false	4529	5120	24.704544067382812	0.3653588593006134	not_zero	0.014789135889497892	0.01953125	0	0
0	diagnostic-B2	13	ffn_norm_out	2x5120	1x5120	torch.bfloat16	torch.bfloat16	false	4547	5120	16.037534713745117	0.23893308639526367	not_zero	0.014898367527178841	0.013671875	0	0
0	diagnostic-B2	13	ffn_in	2x5120	1x5120	torch.bfloat16	torch.bfloat16	false	4547	5120	16.037534713745117	0.23893308639526367	not_zero	0.014898367527178841	0.013671875	0	0
0	diagnostic-B2	13	ffn_out	2x5120	1x5120	torch.bfloat16	torch.bfloat16	false	4649	5120	12.064126968383789	0.20495089888572693	not_zero	0.016988456721554537	0.03125	0	0
0	diagnostic-B2	14	layer_entry	2x5120	1x5120	torch.bfloat16	torch.bfloat16	false	4649	5120	12.064126968383789	0.20495089888572693	not_zero	0.016988456721554537	0.03125	0	0
0	diagnostic-B2	14	attn_norm_in	2x5120	1x5120	torch.bfloat16	torch.bfloat16	false	4578	5120	47.0048942565918	0.709404706954956	not_zero	0.01509214557706343	0.0625	0	0
0	diagnostic-B2	14	attn_norm_out	2x5120	1x5120	torch.bfloat16	torch.bfloat16	false	4528	5120	2.0860676765441895	0.03462786227464676	not_zero	0.01659958718693719	0.009765625	0	0
0	diagnostic-B2	14	attn_in	2x5120	1x5120	torch.bfloat16	torch.bfloat16	false	4528	5120	2.0860676765441895	0.03462786227464676	not_zero	0.01659958718693719	0.009765625	0	0
0	diagnostic-B2	14	attn_out	2x5120	1x5120	torch.bfloat16	torch.bfloat16	false	4344	5120	48.331180572509766	0.6186957955360413	not_zero	0.012801172828953168	0.0625	0	0
0	diagnostic-B2	14	ffn_norm_in	2x5120	1x5120	torch.bfloat16	torch.bfloat16	false	4588	5120	39.59080505371094	0.5890384912490845	not_zero	0.014878164019397037	0.03125	0	0
0	diagnostic-B2	14	ffn_norm_out	2x5120	1x5120	torch.bfloat16	torch.bfloat16	false	4534	5120	18.71739387512207	0.2744140625	not_zero	0.014660911894616543	0.015625	0	0
0	diagnostic-B2	14	ffn_in	2x5120	1x5120	torch.bfloat16	torch.bfloat16	false	4534	5120	18.71739387512207	0.2744140625	not_zero	0.014660911894616543	0.015625	0	0
0	diagnostic-B2	14	ffn_out	2x5120	1x5120	torch.bfloat16	torch.bfloat16	false	4619	5120	16.982587814331055	0.3292763829231262	not_zero	0.019389058164931763	0.01953125	0	0
0	diagnostic-B2	15	layer_entry	2x5120	1x5120	torch.bfloat16	torch.bfloat16	false	4619	5120	16.982587814331055	0.3292763829231262	not_zero	0.019389058164931763	0.01953125	0	0
0	diagnostic-B2	15	attn_norm_in	2x5120	1x5120	torch.bfloat16	torch.bfloat16	false	4606	5120	66.72027587890625	1.0737684965133667	not_zero	0.016093585980702468	0.0625	0	0
0	diagnostic-B2	15	attn_norm_out	2x5120	1x5120	torch.bfloat16	torch.bfloat16	false	4462	5120	2.0966532230377197	0.031041601672768593	not_zero	0.014805310354467778	0.0015869140625	0	0
0	diagnostic-B2	15	attn_in	2x5120	1x5120	torch.bfloat16	torch.bfloat16	false	4462	5120	2.0966532230377197	0.031041601672768593	not_zero	0.014805310354467778	0.0015869140625	0	0
0	diagnostic-B2	15	attn_out	2x5120	1x5120	torch.bfloat16	torch.bfloat16	false	4639	5120	34.334598541259766	0.7552350759506226	not_zero	0.02199632755405773	0.0390625	0	0
0	diagnostic-B2	15	ffn_norm_in	2x5120	1x5120	torch.bfloat16	torch.bfloat16	false	4166	5120	9.982675552368164	0.0872054398059845	not_zero	0.008735678060306886	0.005859375	0	0
0	diagnostic-B2	15	ffn_norm_out	2x5120	1x5120	torch.bfloat16	torch.bfloat16	false	4203	5120	43.86717224121094	0.39066633582115173	not_zero	0.008905664893852925	0.03125	0	0
0	diagnostic-B2	15	ffn_in	2x5120	1x5120	torch.bfloat16	torch.bfloat16	false	4203	5120	43.86717224121094	0.39066633582115173	not_zero	0.008905664893852925	0.03125	0	0
0	diagnostic-B2	15	ffn_out	2x5120	1x5120	torch.bfloat16	torch.bfloat16	false	4312	5120	66.45542907714844	0.890769898891449	not_zero	0.013404019976416822	0.0546875	0	0
0	diagnostic-B2	16	layer_entry	2x5120	1x5120	torch.bfloat16	torch.bfloat16	false	4312	5120	66.45542907714844	0.890769898891449	not_zero	0.013404019976416822	0.0546875	0	0
0	diagnostic-B2	16	attn_norm_in	2x5120	1x5120	torch.bfloat16	torch.bfloat16	false	4563	5120	67.66312408447266	1.1033399105072021	not_zero	0.016306369613229205	0.0625	0	0
0	diagnostic-B2	16	attn_norm_out	2x5120	1x5120	torch.bfloat16	torch.bfloat16	false	4527	5120	2.5243687629699707	0.03994796797633171	not_zero	0.01582493356847441	0.00244140625	0	0
0	diagnostic-B2	16	attn_in	2x5120	1x5120	torch.bfloat16	torch.bfloat16	false	4527	5120	2.5243687629699707	0.03994796797633171	not_zero	0.01582493356847441	0.00244140625	0	0
0	diagnostic-B2	16	attn_out	2x5120	1x5120	torch.bfloat16	torch.bfloat16	false	4450	5120	45.63039016723633	0.6988588571548462	not_zero	0.015315645003111172	0.0390625	0	0
0	diagnostic-B2	16	ffn_norm_in	2x5120	1x5120	torch.bfloat16	torch.bfloat16	false	4566	5120	69.30841064453125	1.0192031860351562	not_zero	0.01470533195837432	0.0556640625	0	0
0	diagnostic-B2	16	ffn_norm_out	2x5120	1x5120	torch.bfloat16	torch.bfloat16	false	4459	5120	22.810319900512695	0.3384847939014435	not_zero	0.014839107709920172	0.018310546875	0	0
0	diagnostic-B2	16	ffn_in	2x5120	1x5120	torch.bfloat16	torch.bfloat16	false	4459	5120	22.810319900512695	0.3384847939014435	not_zero	0.014839107709920172	0.018310546875	0	0
0	diagnostic-B2	16	ffn_out	2x5120	1x5120	torch.bfloat16	torch.bfloat16	false	4694	5120	18.4532527923584	0.4462221562862396	not_zero	0.024181219501367417	0.02734375	0	0
0	diagnostic-B2	17	layer_entry	2x5120	1x5120	torch.bfloat16	torch.bfloat16	false	4694	5120	18.4532527923584	0.4462221562862396	not_zero	0.024181219501367417	0.02734375	0	0
0	diagnostic-B2	17	attn_norm_in	2x5120	1x5120	torch.bfloat16	torch.bfloat16	false	4623	5120	85.69869995117188	1.4564582109451294	not_zero	0.016995102746890773	0.078125	0	0
0	diagnostic-B2	17	attn_norm_out	2x5120	1x5120	torch.bfloat16	torch.bfloat16	false	4459	5120	2.2941672801971436	0.03611357882618904	not_zero	0.015741475845251228	0.001953125	0	0
0	diagnostic-B2	17	attn_in	2x5120	1x5120	torch.bfloat16	torch.bfloat16	false	4459	5120	2.2941672801971436	0.03611357882618904	not_zero	0.015741475845251228	0.001953125	0	0
0	diagnostic-B2	17	attn_out	2x5120	1x5120	torch.bfloat16	torch.bfloat16	false	4721	5120	32.74671173095703	0.901400089263916	not_zero	0.027526430643470667	0.046875	0	0
0	diagnostic-B2	17	ffn_norm_in	2x5120	1x5120	torch.bfloat16	torch.bfloat16	false	4597	5120	84.3404769897461	1.4890203475952148	not_zero	0.017654872259926232	0.09375	0	0
0	diagnostic-B2	17	ffn_norm_out	2x5120	1x5120	torch.bfloat16	torch.bfloat16	false	4579	5120	26.069196701049805	0.43803584575653076	not_zero	0.016802813327151393	0.0234375	0	0
0	diagnostic-B2	17	ffn_in	2x5120	1x5120	torch.bfloat16	torch.bfloat16	false	4579	5120	26.069196701049805	0.43803584575653076	not_zero	0.016802813327151393	0.0234375	0	0
0	diagnostic-B2	17	ffn_out	2x5120	1x5120	torch.bfloat16	torch.bfloat16	false	4700	5120	28.07929801940918	0.6945092678070068	not_zero	0.02473385436227583	0.0390625	0	0
0	diagnostic-B2	18	layer_entry	2x5120	1x5120	torch.bfloat16	torch.bfloat16	false	4700	5120	28.07929801940918	0.6945092678070068	not_zero	0.02473385436227583	0.0390625	0	0
0	diagnostic-B2	18	attn_norm_in	2x5120	1x5120	torch.bfloat16	torch.bfloat16	false	4656	5120	106.95832824707031	2.0550830364227295	not_zero	0.019213866466532212	0.125	0	0
0	diagnostic-B2	18	attn_norm_out	2x5120	1x5120	torch.bfloat16	torch.bfloat16	false	4630	5120	2.0955262184143066	0.036865103989839554	not_zero	0.017592289548033206	0.001953125	0	0
0	diagnostic-B2	18	attn_in	2x5120	1x5120	torch.bfloat16	torch.bfloat16	false	4630	5120	2.0955262184143066	0.036865103989839554	not_zero	0.017592289548033206	0.001953125	0	0
0	diagnostic-B2	18	attn_out	2x5120	1x5120	torch.bfloat16	torch.bfloat16	false	4544	5120	46.643917083740234	0.8597378134727478	not_zero	0.01843193855115669	0.044921875	0	0
0	diagnostic-B2	18	ffn_norm_in	2x5120	1x5120	torch.bfloat16	torch.bfloat16	false	4613	5120	113.66373443603516	2.0308709144592285	not_zero	0.01786736046053556	0.140625	0	0
0	diagnostic-B2	18	ffn_norm_out	2x5120	1x5120	torch.bfloat16	torch.bfloat16	false	4582	5120	28.29143714904785	0.47808781266212463	not_zero	0.01689867538871968	0.03125	0	0
0	diagnostic-B2	18	ffn_in	2x5120	1x5120	torch.bfloat16	torch.bfloat16	false	4582	5120	28.29143714904785	0.47808781266212463	not_zero	0.01689867538871968	0.03125	0	0
0	diagnostic-B2	18	ffn_out	2x5120	1x5120	torch.bfloat16	torch.bfloat16	false	4672	5120	31.673879623413086	0.7247503995895386	not_zero	0.02288164279862353	0.037109375	0	0
0	diagnostic-B2	19	layer_entry	2x5120	1x5120	torch.bfloat16	torch.bfloat16	false	4672	5120	31.673879623413086	0.7247503995895386	not_zero	0.02288164279862353	0.037109375	0	0
0	diagnostic-B2	19	attn_norm_in	2x5120	1x5120	torch.bfloat16	torch.bfloat16	false	4622	5120	120.13526153564453	2.0488054752349854	not_zero	0.017054155866028542	0.125	0	0
0	diagnostic-B2	19	attn_norm_out	2x5120	1x5120	torch.bfloat16	torch.bfloat16	false	4565	5120	1.9172427654266357	0.03246702253818512	not_zero	0.01693422613122255	0.001953125	0	0
0	diagnostic-B2	19	attn_in	2x5120	1x5120	torch.bfloat16	torch.bfloat16	false	4565	5120	1.9172427654266357	0.03246702253818512	not_zero	0.01693422613122255	0.001953125	0	0
0	diagnostic-B2	19	attn_out	2x5120	1x5120	torch.bfloat16	torch.bfloat16	false	4575	5120	54.77485275268555	1.0237314701080322	not_zero	0.01868980779793771	0.05078125	0	0
0	diagnostic-B2	19	ffn_norm_in	2x5120	1x5120	torch.bfloat16	torch.bfloat16	false	4507	5120	45.784332275390625	0.6857514381408691	not_zero	0.014977862601907269	0.0341796875	0	0
0	diagnostic-B2	19	ffn_norm_out	2x5120	1x5120	torch.bfloat16	torch.bfloat16	false	4533	5120	23.413833618164062	0.3535144329071045	not_zero	0.015098528445715693	0.01953125	0	0
0	diagnostic-B2	19	ffn_in	2x5120	1x5120	torch.bfloat16	torch.bfloat16	false	4533	5120	23.413833618164062	0.3535144329071045	not_zero	0.015098528445715693	0.01953125	0	0
0	diagnostic-B2	19	ffn_out	2x5120	1x5120	torch.bfloat16	torch.bfloat16	false	4997	5120	24.20722007751465	1.9104390144348145	not_zero	0.07892021505638985	0.1015625	0	0
0	diagnostic-B2	20	layer_entry	2x5120	1x5120	torch.bfloat16	torch.bfloat16	false	4997	5120	24.20722007751465	1.9104390144348145	not_zero	0.07892021505638985	0.1015625	0	0
0	diagnostic-B2	20	attn_norm_in	2x5120	1x5120	torch.bfloat16	torch.bfloat16	false	4897	5120	71.28883361816406	3.0200917720794678	not_zero	0.04236416306452183	0.15625	0	0
0	diagnostic-B2	20	attn_norm_out	2x5120	1x5120	torch.bfloat16	torch.bfloat16	false	4857	5120	1.6824135780334473	0.07168195396661758	not_zero	0.04260661879013467	0.0035400390625	0	0
0	diagnostic-B2	20	attn_in	2x5120	1x5120	torch.bfloat16	torch.bfloat16	false	4857	5120	1.6824135780334473	0.07168195396661758	not_zero	0.04260661879013467	0.0035400390625	0	0
0	diagnostic-B2	20	attn_out	2x5120	1x5120	torch.bfloat16	torch.bfloat16	false	4764	5120	54.00471878051758	1.5778765678405762	not_zero	0.029217383285584327	0.087890625	0	0
0	diagnostic-B2	20	ffn_norm_in	2x5120	1x5120	torch.bfloat16	torch.bfloat16	false	4699	5120	64.72149658203125	1.3104636669158936	not_zero	0.020247734309650066	0.0703125	0	0
0	diagnostic-B2	20	ffn_norm_out	2x5120	1x5120	torch.bfloat16	torch.bfloat16	false	4660	5120	22.152475357055664	0.4201790392398834	not_zero	0.01896758860883032	0.0234375	0	0
0	diagnostic-B2	20	ffn_in	2x5120	1x5120	torch.bfloat16	torch.bfloat16	false	4660	5120	22.152475357055664	0.4201790392398834	not_zero	0.01896758860883032	0.0234375	0	0
0	diagnostic-B2	20	ffn_out	2x5120	1x5120	torch.bfloat16	torch.bfloat16	false	4691	5120	19.799907684326172	0.49329549074172974	not_zero	0.02491402983319099	0.02734375	0	0
0	diagnostic-B2	21	layer_entry	2x5120	1x5120	torch.bfloat16	torch.bfloat16	false	4691	5120	19.799907684326172	0.49329549074172974	not_zero	0.02491402983319099	0.02734375	0	0
0	diagnostic-B2	21	attn_norm_in	2x5120	1x5120	torch.bfloat16	torch.bfloat16	false	4740	5120	56.05887985229492	1.2672430276870728	not_zero	0.022605571695796106	0.0625	0	0
0	diagnostic-B2	21	attn_norm_out	2x5120	1x5120	torch.bfloat16	torch.bfloat16	false	4647	5120	1.6811095476150513	0.036924783140420914	not_zero	0.02196453121856645	0.0018310546875	0	0
0	diagnostic-B2	21	attn_in	2x5120	1x5120	torch.bfloat16	torch.bfloat16	false	4647	5120	1.6811095476150513	0.036924783140420914	not_zero	0.02196453121856645	0.0018310546875	0	0
0	diagnostic-B2	21	attn_out	2x5120	1x5120	torch.bfloat16	torch.bfloat16	false	4548	5120	56.08134841918945	1.0021759271621704	not_zero	0.017870039779914672	0.05859375	0	0
0	diagnostic-B2	21	ffn_norm_in	2x5120	1x5120	torch.bfloat16	torch.bfloat16	false	4718	5120	72.93262481689453	1.5044441223144531	not_zero	0.020627862031450638	0.078125	0	0
0	diagnostic-B2	21	ffn_norm_out	2x5120	1x5120	torch.bfloat16	torch.bfloat16	false	4589	5120	24.208208084106445	0.43164390325546265	not_zero	0.017830477239612473	0.025390625	0	0
0	diagnostic-B2	21	ffn_in	2x5120	1x5120	torch.bfloat16	torch.bfloat16	false	4589	5120	24.208208084106445	0.43164390325546265	not_zero	0.017830477239612473	0.025390625	0	0
0	diagnostic-B2	21	ffn_out	2x5120	1x5120	torch.bfloat16	torch.bfloat16	false	4798	5120	15.47658920288086	0.45011192560195923	not_zero	0.02908340589140752	0.02734375	0	0
0	diagnostic-B2	22	layer_entry	2x5120	1x5120	torch.bfloat16	torch.bfloat16	false	4798	5120	15.47658920288086	0.45011192560195923	not_zero	0.02908340589140752	0.02734375	0	0
0	diagnostic-B2	22	attn_norm_in	2x5120	1x5120	torch.bfloat16	torch.bfloat16	false	4668	5120	41.3079719543457	0.7984257936477661	not_zero	0.019328612756157586	0.044921875	0	0
0	diagnostic-B2	22	attn_norm_out	2x5120	1x5120	torch.bfloat16	torch.bfloat16	false	4672	5120	3.4025771617889404	0.06541448831558228	not_zero	0.019224983065832937	0.003173828125	0	0
0	diagnostic-B2	22	attn_in	2x5120	1x5120	torch.bfloat16	torch.bfloat16	false	4672	5120	3.4025771617889404	0.06541448831558228	not_zero	0.019224983065832937	0.003173828125	0	0
0	diagnostic-B2	22	attn_out	2x5120	1x5120	torch.bfloat16	torch.bfloat16	false	4685	5120	49.831417083740234	1.3146796226501465	not_zero	0.026382545381779247	0.0625	0	0
0	diagnostic-B2	22	ffn_norm_in	2x5120	1x5120	torch.bfloat16	torch.bfloat16	false	4800	5120	85.20519256591797	1.972786545753479	not_zero	0.023153360568104537	0.109375	0	0
0	diagnostic-B2	22	ffn_norm_out	2x5120	1x5120	torch.bfloat16	torch.bfloat16	false	4658	5120	27.0665340423584	0.5245471596717834	not_zero	0.01937991613004019	0.02734375	0	0
0	diagnostic-B2	22	ffn_in	2x5120	1x5120	torch.bfloat16	torch.bfloat16	false	4658	5120	27.0665340423584	0.5245471596717834	not_zero	0.01937991613004019	0.02734375	0	0
0	diagnostic-B2	22	ffn_out	2x5120	1x5120	torch.bfloat16	torch.bfloat16	false	4764	5120	18.257549285888672	0.5518866777420044	not_zero	0.030227861861425162	0.028076171875	0	0
0	diagnostic-B2	23	layer_entry	2x5120	1x5120	torch.bfloat16	torch.bfloat16	false	4764	5120	18.257549285888672	0.5518866777420044	not_zero	0.030227861861425162	0.028076171875	0	0
0	diagnostic-B2	23	attn_norm_in	2x5120	1x5120	torch.bfloat16	torch.bfloat16	false	4754	5120	123.24774932861328	2.623957872390747	not_zero	0.021290107824967538	0.125	0	0
0	diagnostic-B2	23	attn_norm_out	2x5120	1x5120	torch.bfloat16	torch.bfloat16	false	4678	5120	2.3975212574005127	0.048706188797950745	not_zero	0.020315227090315736	0.00244140625	0	0
0	diagnostic-B2	23	attn_in	2x5120	1x5120	torch.bfloat16	torch.bfloat16	false	4678	5120	2.3975212574005127	0.048706188797950745	not_zero	0.020315227090315736	0.00244140625	0	0
0	diagnostic-B2	23	attn_out	2x5120	1x5120	torch.bfloat16	torch.bfloat16	false	4714	5120	38.59120559692383	1.1510685682296753	not_zero	0.02982722489295408	0.0625	0	0
0	diagnostic-B2	23	ffn_norm_in	2x5120	1x5120	torch.bfloat16	torch.bfloat16	false	4690	5120	49.15272903442383	0.9414411783218384	not_zero	0.019153385718675062	0.046875	0	0
0	diagnostic-B2	23	ffn_norm_out	2x5120	1x5120	torch.bfloat16	torch.bfloat16	false	4688	5120	29.178165435791016	0.5558764338493347	not_zero	0.0190511098126641	0.02783203125	0	0
0	diagnostic-B2	23	ffn_in	2x5120	1x5120	torch.bfloat16	torch.bfloat16	false	4688	5120	29.178165435791016	0.5558764338493347	not_zero	0.0190511098126641	0.02783203125	0	0
0	diagnostic-B2	23	ffn_out	2x5120	1x5120	torch.bfloat16	torch.bfloat16	false	4684	5120	30.40627670288086	0.6858066916465759	not_zero	0.022554773751091953	0.037109375	0	0
0	diagnostic-B2	24	layer_entry	2x5120	1x5120	torch.bfloat16	torch.bfloat16	false	4684	5120	30.40627670288086	0.6858066916465759	not_zero	0.022554773751091953	0.037109375	0	0
0	diagnostic-B2	24	attn_norm_in	2x5120	1x5120	torch.bfloat16	torch.bfloat16	false	4663	5120	137.8685760498047	2.86970853805542	not_zero	0.020814812339968933	0.1484375	0	0
0	diagnostic-B2	24	attn_norm_out	2x5120	1x5120	torch.bfloat16	torch.bfloat16	false	4588	5120	3.525103807449341	0.07375244796276093	not_zero	0.020922064140892913	0.00390625	0	0
0	diagnostic-B2	24	attn_in	2x5120	1x5120	torch.bfloat16	torch.bfloat16	false	4588	5120	3.525103807449341	0.07375244796276093	not_zero	0.020922064140892913	0.00390625	0	0
0	diagnostic-B2	24	attn_out	2x5120	1x5120	torch.bfloat16	torch.bfloat16	false	4557	5120	42.643211364746094	0.8142741918563843	not_zero	0.01909504856216245	0.0390625	0	0
0	diagnostic-B2	24	ffn_norm_in	2x5120	1x5120	torch.bfloat16	torch.bfloat16	false	4719	5120	75.521728515625	1.5653579235076904	not_zero	0.020727252332205653	0.08203125	0	0
0	diagnostic-B2	24	ffn_norm_out	2x5120	1x5120	torch.bfloat16	torch.bfloat16	false	4664	5120	29.22224235534668	0.5799792408943176	not_zero	0.019847184683560094	0.0302734375	0	0
0	diagnostic-B2	24	ffn_in	2x5120	1x5120	torch.bfloat16	torch.bfloat16	false	4664	5120	29.22224235534668	0.5799792408943176	not_zero	0.019847184683560094	0.0302734375	0	0
0	diagnostic-B2	24	ffn_out	2x5120	1x5120	torch.bfloat16	torch.bfloat16	false	4775	5120	24.180574417114258	0.6765285730361938	not_zero	0.027978184528046943	0.03515625	0	0
0	diagnostic-B2	25	layer_entry	2x5120	1x5120	torch.bfloat16	torch.bfloat16	false	4775	5120	24.180574417114258	0.6765285730361938	not_zero	0.027978184528046943	0.03515625	0	0
0	diagnostic-B2	25	attn_norm_in	2x5120	1x5120	torch.bfloat16	torch.bfloat16	false	4756	5120	141.14602661132812	3.2476320266723633	not_zero	0.023009021965707352	0.171875	0	0
0	diagnostic-B2	25	attn_norm_out	2x5120	1x5120	torch.bfloat16	torch.bfloat16	false	4720	5120	3.211484432220459	0.06713138520717621	not_zero	0.02090353748368033	0.00372314453125	0	0
0	diagnostic-B2	25	attn_in	2x5120	1x5120	torch.bfloat16	torch.bfloat16	false	4720	5120	3.211484432220459	0.06713138520717621	not_zero	0.02090353748368033	0.00372314453125	0	0
0	diagnostic-B2	25	attn_out	2x5120	1x5120	torch.bfloat16	torch.bfloat16	false	4624	5120	45.9742546081543	0.9540245532989502	not_zero	0.020751278328060986	0.048828125	0	0
0	diagnostic-B2	25	ffn_norm_in	2x5120	1x5120	torch.bfloat16	torch.bfloat16	false	4707	5120	95.13330841064453	2.0288591384887695	not_zero	0.021326485669258603	0.109375	0	0
0	diagnostic-B2	25	ffn_norm_out	2x5120	1x5120	torch.bfloat16	torch.bfloat16	false	4692	5120	33.97990798950195	0.7069056034088135	not_zero	0.02080363500769958	0.03515625	0	0
0	diagnostic-B2	25	ffn_in	2x5120	1x5120	torch.bfloat16	torch.bfloat16	false	4692	5120	33.97990798950195	0.7069056034088135	not_zero	0.02080363500769958	0.03515625	0	0
0	diagnostic-B2	25	ffn_out	2x5120	1x5120	torch.bfloat16	torch.bfloat16	false	4807	5120	33.801700592041016	1.0183758735656738	not_zero	0.030127947876251577	0.0703125	0	0
0	diagnostic-B2	26	layer_entry	2x5120	1x5120	torch.bfloat16	torch.bfloat16	false	4807	5120	33.801700592041016	1.0183758735656738	not_zero	0.030127947876251577	0.0703125	0	0
0	diagnostic-B2	26	attn_norm_in	2x5120	1x5120	torch.bfloat16	torch.bfloat16	false	4860	5120	83.05142974853516	2.3251545429229736	not_zero	0.027996562491014603	0.1328125	0	0
0	diagnostic-B2	26	attn_norm_out	2x5120	1x5120	torch.bfloat16	torch.bfloat16	false	4737	5120	1.8059016466140747	0.04147135093808174	not_zero	0.022964346378351947	0.002197265625	0	0
0	diagnostic-B2	26	attn_in	2x5120	1x5120	torch.bfloat16	torch.bfloat16	false	4737	5120	1.8059016466140747	0.04147135093808174	not_zero	0.022964346378351947	0.002197265625	0	0
0	diagnostic-B2	26	attn_out	2x5120	1x5120	torch.bfloat16	torch.bfloat16	false	4660	5120	79.43251037597656	1.8281545639038086	not_zero	0.023015193089713965	0.09765625	0	0
0	diagnostic-B2	26	ffn_norm_in	2x5120	1x5120	torch.bfloat16	torch.bfloat16	false	4780	5120	119.25659942626953	2.814284086227417	not_zero	0.02359856058085364	0.15625	0	0
0	diagnostic-B2	26	ffn_norm_out	2x5120	1x5120	torch.bfloat16	torch.bfloat16	false	4694	5120	35.43473434448242	0.778430700302124	not_zero	0.0219680128750093	0.041015625	0	0
0	diagnostic-B2	26	ffn_in	2x5120	1x5120	torch.bfloat16	torch.bfloat16	false	4694	5120	35.43473434448242	0.778430700302124	not_zero	0.0219680128750093	0.041015625	0	0
0	diagnostic-B2	26	ffn_out	2x5120	1x5120	torch.bfloat16	torch.bfloat16	false	4790	5120	26.82662010192871	0.8408557772636414	not_zero	0.03134408188839218	0.04296875	0	0
0	diagnostic-B2	27	layer_entry	2x5120	1x5120	torch.bfloat16	torch.bfloat16	false	4790	5120	26.82662010192871	0.8408557772636414	not_zero	0.03134408188839218	0.04296875	0	0
0	diagnostic-B2	27	attn_norm_in	2x5120	1x5120	torch.bfloat16	torch.bfloat16	false	4688	5120	162.67803955078125	3.375645160675049	not_zero	0.0207504661968914	0.1650390625	0	0
0	diagnostic-B2	27	attn_norm_out	2x5120	1x5120	torch.bfloat16	torch.bfloat16	false	4685	5120	2.858510971069336	0.05950068682432175	not_zero	0.020815273205707946	0.002899169921875	0	0
0	diagnostic-B2	27	attn_in	2x5120	1x5120	torch.bfloat16	torch.bfloat16	false	4685	5120	2.858510971069336	0.05950068682432175	not_zero	0.020815273205707946	0.002899169921875	0	0
0	diagnostic-B2	27	attn_out	2x5120	1x5120	torch.bfloat16	torch.bfloat16	false	4650	5120	93.25711822509766	2.1995232105255127	not_zero	0.02358557987194558	0.12890625	0	0
0	diagnostic-B2	27	ffn_norm_in	2x5120	1x5120	torch.bfloat16	torch.bfloat16	false	4689	5120	102.74480438232422	2.151885986328125	not_zero	0.020943988353131035	0.109375	0	0
0	diagnostic-B2	27	ffn_norm_out	2x5120	1x5120	torch.bfloat16	torch.bfloat16	false	4649	5120	33.24016571044922	0.6809434294700623	not_zero	0.02048556061367661	0.0316162109375	0	0
0	diagnostic-B2	27	ffn_in	2x5120	1x5120	torch.bfloat16	torch.bfloat16	false	4649	5120	33.24016571044922	0.6809434294700623	not_zero	0.02048556061367661	0.0316162109375	0	0
0	diagnostic-B2	27	ffn_out	2x5120	1x5120	torch.bfloat16	torch.bfloat16	false	4791	5120	30.394908905029297	0.9194416999816895	not_zero	0.030249858713330573	0.0546875	0	0
0	diagnostic-B2	28	layer_entry	2x5120	1x5120	torch.bfloat16	torch.bfloat16	false	4791	5120	30.394908905029297	0.9194416999816895	not_zero	0.030249858713330573	0.0546875	0	0
0	diagnostic-B2	28	attn_norm_in	2x5120	1x5120	torch.bfloat16	torch.bfloat16	false	4738	5120	149.22076416015625	3.208951711654663	not_zero	0.02150472643479125	0.171875	0	0
0	diagnostic-B2	28	attn_norm_out	2x5120	1x5120	torch.bfloat16	torch.bfloat16	false	4634	5120	2.7176570892333984	0.05514158681035042	not_zero	0.020290119393210442	0.0030517578125	0	0
0	diagnostic-B2	28	attn_in	2x5120	1x5120	torch.bfloat16	torch.bfloat16	false	4634	5120	2.7176570892333984	0.05514158681035042	not_zero	0.020290119393210442	0.0030517578125	0	0
0	diagnostic-B2	28	attn_out	2x5120	1x5120	torch.bfloat16	torch.bfloat16	false	4641	5120	80.05419158935547	1.6518458127975464	not_zero	0.020634095229776658	0.08203125	0	0
0	diagnostic-B2	28	ffn_norm_in	2x5120	1x5120	torch.bfloat16	torch.bfloat16	false	4774	5120	106.3907699584961	2.235714912414551	not_zero	0.021014181148296243	0.140625	0	0
0	diagnostic-B2	28	ffn_norm_out	2x5120	1x5120	torch.bfloat16	torch.bfloat16	false	4654	5120	35.60149002075195	0.6605477333068848	not_zero	0.018553935043782	0.041015625	0	0
0	diagnostic-B2	28	ffn_in	2x5120	1x5120	torch.bfloat16	torch.bfloat16	false	4654	5120	35.60149002075195	0.6605477333068848	not_zero	0.018553935043782	0.041015625	0	0
0	diagnostic-B2	28	ffn_out	2x5120	1x5120	torch.bfloat16	torch.bfloat16	false	4832	5120	41.621639251708984	1.2324485778808594	not_zero	0.0296107649779857	0.0703125	0	0
0	diagnostic-B2	29	layer_entry	2x5120	1x5120	torch.bfloat16	torch.bfloat16	false	4832	5120	41.621639251708984	1.2324485778808594	not_zero	0.0296107649779857	0.0703125	0	0
0	diagnostic-B2	29	attn_norm_in	2x5120	1x5120	torch.bfloat16	torch.bfloat16	false	4747	5120	90.0519790649414	2.0195181369781494	not_zero	0.022426138303098975	0.1171875	0	0
0	diagnostic-B2	29	attn_norm_out	2x5120	1x5120	torch.bfloat16	torch.bfloat16	false	4674	5120	2.510981559753418	0.049538251012563705	not_zero	0.019728639909816156	0.002685546875	0	0
0	diagnostic-B2	29	attn_in	2x5120	1x5120	torch.bfloat16	torch.bfloat16	false	4674	5120	2.510981559753418	0.049538251012563705	not_zero	0.019728639909816156	0.002685546875	0	0
0	diagnostic-B2	29	attn_out	2x5120	1x5120	torch.bfloat16	torch.bfloat16	false	4617	5120	56.74549102783203	1.157953143119812	not_zero	0.02040608200133239	0.0654296875	0	0
0	diagnostic-B2	29	ffn_norm_in	2x5120	1x5120	torch.bfloat16	torch.bfloat16	false	4739	5120	124.5405502319336	2.802572011947632	not_zero	0.022503289143402393	0.15625	0	0
0	diagnostic-B2	29	ffn_norm_out	2x5120	1x5120	torch.bfloat16	torch.bfloat16	false	4674	5120	35.246070861816406	0.6929885745048523	not_zero	0.01966144190147438	0.037109375	0	0
0	diagnostic-B2	29	ffn_in	2x5120	1x5120	torch.bfloat16	torch.bfloat16	false	4674	5120	35.246070861816406	0.6929885745048523	not_zero	0.01966144190147438	0.037109375	0	0
0	diagnostic-B2	29	ffn_out	2x5120	1x5120	torch.bfloat16	torch.bfloat16	false	4828	5120	34.38181686401367	1.0114818811416626	not_zero	0.029419093387131258	0.05078125	0	0
0	diagnostic-B2	30	layer_entry	2x5120	1x5120	torch.bfloat16	torch.bfloat16	false	4828	5120	34.38181686401367	1.0114818811416626	not_zero	0.029419093387131258	0.05078125	0	0
0	diagnostic-B2	30	attn_norm_in	2x5120	1x5120	torch.bfloat16	torch.bfloat16	false	4914	5120	64.21881103515625	1.7904776334762573	not_zero	0.027880890421594223	0.125	0	0
0	diagnostic-B2	30	attn_norm_out	2x5120	1x5120	torch.bfloat16	torch.bfloat16	false	4632	5120	2.3298394680023193	0.048059456050395966	not_zero	0.02062779719823517	0.00250244140625	0	0
0	diagnostic-B2	30	attn_in	2x5120	1x5120	torch.bfloat16	torch.bfloat16	false	4632	5120	2.3298394680023193	0.048059456050395966	not_zero	0.02062779719823517	0.00250244140625	0	0
0	diagnostic-B2	30	attn_out	2x5120	1x5120	torch.bfloat16	torch.bfloat16	false	4763	5120	38.48366165161133	1.0896601676940918	not_zero	0.028314877559174965	0.05859375	0	0
0	diagnostic-B2	30	ffn_norm_in	2x5120	1x5120	torch.bfloat16	torch.bfloat16	false	4831	5120	159.2675323486328	4.163836479187012	not_zero	0.026143661660259	0.25	0	0
0	diagnostic-B2	30	ffn_norm_out	2x5120	1x5120	torch.bfloat16	torch.bfloat16	false	4699	5120	34.7339973449707	0.7267642617225647	not_zero	0.020923715013405914	0.04296875	0	0
0	diagnostic-B2	30	ffn_in	2x5120	1x5120	torch.bfloat16	torch.bfloat16	false	4699	5120	34.7339973449707	0.7267642617225647	not_zero	0.020923715013405914	0.04296875	0	0
0	diagnostic-B2	30	ffn_out	2x5120	1x5120	torch.bfloat16	torch.bfloat16	false	4807	5120	24.688350677490234	0.7969900369644165	not_zero	0.03228202836939923	0.04296875	0	0
0	diagnostic-B2	31	layer_entry	2x5120	1x5120	torch.bfloat16	torch.bfloat16	false	4807	5120	24.688350677490234	0.7969900369644165	not_zero	0.03228202836939923	0.04296875	0	0
0	diagnostic-B2	31	attn_norm_in	2x5120	1x5120	torch.bfloat16	torch.bfloat16	false	4694	5120	95.83209991455078	1.99637770652771	not_zero	0.020832035490277172	0.125	0	0
0	diagnostic-B2	31	attn_norm_out	2x5120	1x5120	torch.bfloat16	torch.bfloat16	false	4697	5120	2.4496850967407227	0.050091084092855453	not_zero	0.02044796866319718	0.0029296875	0	0
0	diagnostic-B2	31	attn_in	2x5120	1x5120	torch.bfloat16	torch.bfloat16	false	4697	5120	2.4496850967407227	0.050091084092855453	not_zero	0.02044796866319718	0.0029296875	0	0
0	diagnostic-B2	31	attn_out	2x5120	1x5120	torch.bfloat16	torch.bfloat16	false	4683	5120	61.61684799194336	1.4763543605804443	not_zero	0.023960238290239765	0.07421875	0	0
0	diagnostic-B2	31	ffn_norm_in	2x5120	1x5120	torch.bfloat16	torch.bfloat16	false	4809	5120	144.6006622314453	3.663879156112671	not_zero	0.025337914084019406	0.28125	0	0
0	diagnostic-B2	31	ffn_norm_out	2x5120	1x5120	torch.bfloat16	torch.bfloat16	false	4693	5120	35.378746032714844	0.7555707693099976	not_zero	0.021356629446711274	0.044921875	0	0
0	diagnostic-B2	31	ffn_in	2x5120	1x5120	torch.bfloat16	torch.bfloat16	false	4693	5120	35.378746032714844	0.7555707693099976	not_zero	0.021356629446711274	0.044921875	0	0
0	diagnostic-B2	31	ffn_out	2x5120	1x5120	torch.bfloat16	torch.bfloat16	false	4812	5120	35.6317024230957	1.0258111953735352	not_zero	0.028789283857193038	0.046875	0	0
0	diagnostic-B2	32	layer_entry	2x5120	1x5120	torch.bfloat16	torch.bfloat16	false	4812	5120	35.6317024230957	1.0258111953735352	not_zero	0.028789283857193038	0.046875	0	0
0	diagnostic-B2	32	attn_norm_in	2x5120	1x5120	torch.bfloat16	torch.bfloat16	false	4809	5120	107.29960632324219	2.8067574501037598	not_zero	0.02615813371810841	0.28125	0	0
0	diagnostic-B2	32	attn_norm_out	2x5120	1x5120	torch.bfloat16	torch.bfloat16	false	4685	5120	2.3818535804748535	0.053229253739118576	not_zero	0.022347827832685935	0.00390625	0	0
0	diagnostic-B2	32	attn_in	2x5120	1x5120	torch.bfloat16	torch.bfloat16	false	4685	5120	2.3818535804748535	0.053229253739118576	not_zero	0.022347827832685935	0.00390625	0	0
0	diagnostic-B2	32	attn_out	2x5120	1x5120	torch.bfloat16	torch.bfloat16	false	4714	5120	58.55453109741211	1.5738719701766968	not_zero	0.026878739197114945	0.087890625	0	0
0	diagnostic-B2	32	ffn_norm_in	2x5120	1x5120	torch.bfloat16	torch.bfloat16	false	4814	5120	152.31626892089844	3.925900936126709	not_zero	0.02577466585769328	0.28125	0	0
0	diagnostic-B2	32	ffn_norm_out	2x5120	1x5120	torch.bfloat16	torch.bfloat16	false	4700	5120	34.14111328125	0.7447235584259033	not_zero	0.021813101180707513	0.04296875	0	0
0	diagnostic-B2	32	ffn_in	2x5120	1x5120	torch.bfloat16	torch.bfloat16	false	4700	5120	34.14111328125	0.7447235584259033	not_zero	0.021813101180707513	0.04296875	0	0
0	diagnostic-B2	32	ffn_out	2x5120	1x5120	torch.bfloat16	torch.bfloat16	false	4818	5120	38.67354965209961	1.192765712738037	not_zero	0.030841899010252378	0.06640625	0	0
0	diagnostic-B2	33	layer_entry	2x5120	1x5120	torch.bfloat16	torch.bfloat16	false	4818	5120	38.67354965209961	1.192765712738037	not_zero	0.030841899010252378	0.06640625	0	0
0	diagnostic-B2	33	attn_norm_in	2x5120	1x5120	torch.bfloat16	torch.bfloat16	false	4703	5120	93.1196517944336	2.1073811054229736	not_zero	0.022630895464204756	0.125	0	0
0	diagnostic-B2	33	attn_norm_out	2x5120	1x5120	torch.bfloat16	torch.bfloat16	false	4740	5120	1.9219491481781006	0.04329446703195572	not_zero	0.02252633326589126	0.0025634765625	0	0
0	diagnostic-B2	33	attn_in	2x5120	1x5120	torch.bfloat16	torch.bfloat16	false	4740	5120	1.9219491481781006	0.04329446703195572	not_zero	0.02252633326589126	0.0025634765625	0	0
0	diagnostic-B2	33	attn_out	2x5120	1x5120	torch.bfloat16	torch.bfloat16	false	4669	5120	44.46729278564453	0.9598852396011353	not_zero	0.021586320629598053	0.0546875	0	0
0	diagnostic-B2	33	ffn_norm_in	2x5120	1x5120	torch.bfloat16	torch.bfloat16	false	4734	5120	145.4005889892578	3.3879246711730957	not_zero	0.02330062549762708	0.21875	0	0
0	diagnostic-B2	33	ffn_norm_out	2x5120	1x5120	torch.bfloat16	torch.bfloat16	false	4688	5120	34.976043701171875	0.7597672939300537	not_zero	0.021722505278794515	0.04296875	0	0
0	diagnostic-B2	33	ffn_in	2x5120	1x5120	torch.bfloat16	torch.bfloat16	false	4688	5120	34.976043701171875	0.7597672939300537	not_zero	0.021722505278794515	0.04296875	0	0
0	diagnostic-B2	33	ffn_out	2x5120	1x5120	torch.bfloat16	torch.bfloat16	false	4793	5120	28.736663818359375	0.9219269156455994	not_zero	0.03208190489588411	0.05859375	0	0
0	diagnostic-B2	34	layer_entry	2x5120	1x5120	torch.bfloat16	torch.bfloat16	false	4793	5120	28.736663818359375	0.9219269156455994	not_zero	0.03208190489588411	0.05859375	0	0
0	diagnostic-B2	34	attn_norm_in	2x5120	1x5120	torch.bfloat16	torch.bfloat16	false	4748	5120	207.42709350585938	4.578815460205078	not_zero	0.02207433649488868	0.271484375	0	0
0	diagnostic-B2	34	attn_norm_out	2x5120	1x5120	torch.bfloat16	torch.bfloat16	false	4693	5120	1.897071123123169	0.03978604078292847	not_zero	0.020972350639879157	0.00250244140625	0	0
0	diagnostic-B2	34	attn_in	2x5120	1x5120	torch.bfloat16	torch.bfloat16	false	4693	5120	1.897071123123169	0.03978604078292847	not_zero	0.020972350639879157	0.00250244140625	0	0
0	diagnostic-B2	34	attn_out	2x5120	1x5120	torch.bfloat16	torch.bfloat16	false	4683	5120	63.11051940917969	1.5725417137145996	not_zero	0.024917267809490835	0.0810546875	0	0
0	diagnostic-B2	34	ffn_norm_in	2x5120	1x5120	torch.bfloat16	torch.bfloat16	false	4733	5120	158.66091918945312	3.6559154987335205	not_zero	0.023042318911363935	0.25	0	0
0	diagnostic-B2	34	ffn_norm_out	2x5120	1x5120	torch.bfloat16	torch.bfloat16	false	4695	5120	34.863285064697266	0.773554265499115	not_zero	0.022188220761858723	0.046875	0	0
0	diagnostic-B2	34	ffn_in	2x5120	1x5120	torch.bfloat16	torch.bfloat16	false	4695	5120	34.863285064697266	0.773554265499115	not_zero	0.022188220761858723	0.046875	0	0
0	diagnostic-B2	34	ffn_out	2x5120	1x5120	torch.bfloat16	torch.bfloat16	false	5075	5120	28.415739059448242	8.36849594116211	not_zero	0.2945021392424274	0.451171875	0	0
0	diagnostic-B2	35	layer_entry	2x5120	1x5120	torch.bfloat16	torch.bfloat16	false	5075	5120	28.415739059448242	8.36849594116211	not_zero	0.2945021392424274	0.451171875	0	0
0	diagnostic-B2	35	attn_norm_in	2x5120	1x5120	torch.bfloat16	torch.bfloat16	false	5026	5120	179.7624053955078	16.56208038330078	not_zero	0.09213317070864396	0.8515625	0	0
0	diagnostic-B2	35	attn_norm_out	2x5120	1x5120	torch.bfloat16	torch.bfloat16	false	5029	5120	2.015408515930176	0.18643838167190552	not_zero	0.09250649692023268	0.00970458984375	0	0
0	diagnostic-B2	35	attn_in	2x5120	1x5120	torch.bfloat16	torch.bfloat16	false	5029	5120	2.015408515930176	0.18643838167190552	not_zero	0.09250649692023268	0.00970458984375	0	0
0	diagnostic-B2	35	attn_out	2x5120	1x5120	torch.bfloat16	torch.bfloat16	false	4987	5120	56.52774429321289	3.872352123260498	not_zero	0.06850356708334883	0.2060546875	0	0
0	diagnostic-B2	35	ffn_norm_in	2x5120	1x5120	torch.bfloat16	torch.bfloat16	false	5028	5120	162.5365447998047	16.571374893188477	not_zero	0.10195476293407948	0.9375	0	0
0	diagnostic-B2	35	ffn_norm_out	2x5120	1x5120	torch.bfloat16	torch.bfloat16	false	5029	5120	41.223365783691406	4.173207759857178	not_zero	0.10123403755421063	0.22265625	0	0
0	diagnostic-B2	35	ffn_in	2x5120	1x5120	torch.bfloat16	torch.bfloat16	false	5029	5120	41.223365783691406	4.173207759857178	not_zero	0.10123403755421063	0.22265625	0	0
0	diagnostic-B2	35	ffn_out	2x5120	1x5120	torch.bfloat16	torch.bfloat16	false	5014	5120	41.217185974121094	4.550918102264404	not_zero	0.11041312003011984	0.234375	0	0
0	diagnostic-B2	36	layer_entry	2x5120	1x5120	torch.bfloat16	torch.bfloat16	false	5014	5120	41.217185974121094	4.550918102264404	not_zero	0.11041312003011984	0.234375	0	0
0	diagnostic-B2	36	attn_norm_in	2x5120	1x5120	torch.bfloat16	torch.bfloat16	false	5039	5120	161.6715087890625	16.081432342529297	not_zero	0.09946979812943546	0.96875	0	0
0	diagnostic-B2	36	attn_norm_out	2x5120	1x5120	torch.bfloat16	torch.bfloat16	false	5050	5120	2.838320016860962	0.28301647305488586	not_zero	0.09971267206433182	0.0166015625	0	0
0	diagnostic-B2	36	attn_in	2x5120	1x5120	torch.bfloat16	torch.bfloat16	false	5050	5120	2.838320016860962	0.28301647305488586	not_zero	0.09971267206433182	0.0166015625	0	0
0	diagnostic-B2	36	attn_out	2x5120	1x5120	torch.bfloat16	torch.bfloat16	false	4984	5120	73.48359680175781	5.451996326446533	not_zero	0.07419337870946616	0.30859375	0	0
0	diagnostic-B2	36	ffn_norm_in	2x5120	1x5120	torch.bfloat16	torch.bfloat16	false	5023	5120	189.4661407470703	17.788843154907227	not_zero	0.09388929908407549	1.03125	0	0
0	diagnostic-B2	36	ffn_norm_out	2x5120	1x5120	torch.bfloat16	torch.bfloat16	false	5019	5120	39.71976089477539	3.729337692260742	not_zero	0.09389124224942873	0.212890625	0	0
0	diagnostic-B2	36	ffn_in	2x5120	1x5120	torch.bfloat16	torch.bfloat16	false	5019	5120	39.71976089477539	3.729337692260742	not_zero	0.09389124224942873	0.212890625	0	0
0	diagnostic-B2	36	ffn_out	2x5120	1x5120	torch.bfloat16	torch.bfloat16	false	5048	5120	32.76913070678711	3.902620553970337	not_zero	0.11909441812449514	0.212890625	0	0
0	diagnostic-B2	37	layer_entry	2x5120	1x5120	torch.bfloat16	torch.bfloat16	false	5048	5120	32.76913070678711	3.902620553970337	not_zero	0.11909441812449514	0.212890625	0	0
0	diagnostic-B2	37	attn_norm_in	2x5120	1x5120	torch.bfloat16	torch.bfloat16	false	5022	5120	172.26414489746094	15.70707893371582	not_zero	0.09118019854372686	0.826171875	0	0
0	diagnostic-B2	37	attn_norm_out	2x5120	1x5120	torch.bfloat16	torch.bfloat16	false	5025	5120	3.0593395233154297	0.279361754655838	not_zero	0.09131440055175423	0.015289306640625	0	0
0	diagnostic-B2	37	attn_in	2x5120	1x5120	torch.bfloat16	torch.bfloat16	false	5025	5120	3.0593395233154297	0.279361754655838	not_zero	0.09131440055175423	0.015289306640625	0	0
0	diagnostic-B2	37	attn_out	2x5120	1x5120	torch.bfloat16	torch.bfloat16	false	4994	5120	54.224857330322266	4.574700355529785	not_zero	0.08436537375584087	0.21875	0	0
0	diagnostic-B2	37	ffn_norm_in	2x5120	1x5120	torch.bfloat16	torch.bfloat16	false	5035	5120	193.47213745117188	18.840368270874023	not_zero	0.09738026632196028	0.97265625	0	0
0	diagnostic-B2	37	ffn_norm_out	2x5120	1x5120	torch.bfloat16	torch.bfloat16	false	5041	5120	40.0148811340332	3.7675797939300537	not_zero	0.09415446671727523	0.20849609375	0	0
0	diagnostic-B2	37	ffn_in	2x5120	1x5120	torch.bfloat16	torch.bfloat16	false	5041	5120	40.0148811340332	3.7675797939300537	not_zero	0.09415446671727523	0.20849609375	0	0
0	diagnostic-B2	37	ffn_out	2x5120	1x5120	torch.bfloat16	torch.bfloat16	false	5008	5120	45.48237991333008	5.063755512237549	not_zero	0.11133444472094241	0.2890625	0	0
0	diagnostic-B2	38	layer_entry	2x5120	1x5120	torch.bfloat16	torch.bfloat16	false	5008	5120	45.48237991333008	5.063755512237549	not_zero	0.11133444472094241	0.2890625	0	0
0	diagnostic-B2	38	attn_norm_in	2x5120	1x5120	torch.bfloat16	torch.bfloat16	false	5022	5120	223.96275329589844	18.8082275390625	not_zero	0.08397926557999208	1.0625	0	0
0	diagnostic-B2	38	attn_norm_out	2x5120	1x5120	torch.bfloat16	torch.bfloat16	false	5012	5120	2.269603729248047	0.19178560376167297	not_zero	0.08450180147757087	0.010589599609375	0	0
0	diagnostic-B2	38	attn_in	2x5120	1x5120	torch.bfloat16	torch.bfloat16	false	5012	5120	2.269603729248047	0.19178560376167297	not_zero	0.08450180147757087	0.010589599609375	0	0
0	diagnostic-B2	38	attn_out	2x5120	1x5120	torch.bfloat16	torch.bfloat16	false	4934	5120	45.27104568481445	2.2290923595428467	not_zero	0.04923880873135133	0.15625	0	0
0	diagnostic-B2	38	ffn_norm_in	2x5120	1x5120	torch.bfloat16	torch.bfloat16	false	5034	5120	197.23837280273438	18.679853439331055	not_zero	0.0947069942521453	1.046875	0	0
0	diagnostic-B2	38	ffn_norm_out	2x5120	1x5120	torch.bfloat16	torch.bfloat16	false	5018	5120	38.14085388183594	3.4718518257141113	not_zero	0.09102711324896513	0.1875	0	0
0	diagnostic-B2	38	ffn_in	2x5120	1x5120	torch.bfloat16	torch.bfloat16	false	5018	5120	38.14085388183594	3.4718518257141113	not_zero	0.09102711324896513	0.1875	0	0
0	diagnostic-B2	38	ffn_out	2x5120	1x5120	torch.bfloat16	torch.bfloat16	false	5036	5120	91.96285247802734	10.332599639892578	not_zero	0.11235623255989524	1.0	0	0
0	diagnostic-B2	39	layer_entry	2x5120	1x5120	torch.bfloat16	torch.bfloat16	false	5036	5120	91.96285247802734	10.332599639892578	not_zero	0.11235623255989524	1.0	0	0
0	diagnostic-B2	39	attn_norm_in	2x5120	1x5120	torch.bfloat16	torch.bfloat16	false	5019	5120	247.4531707763672	24.416358947753906	not_zero	0.09867062471314984	1.875	0	0
0	diagnostic-B2	39	attn_norm_out	2x5120	1x5120	torch.bfloat16	torch.bfloat16	false	5024	5120	1.8853036165237427	0.18560725450515747	not_zero	0.09844952976189233	0.0126953125	0	0
0	diagnostic-B2	39	attn_in	2x5120	1x5120	torch.bfloat16	torch.bfloat16	false	5024	5120	1.8853036165237427	0.18560725450515747	not_zero	0.09844952976189233	0.0126953125	0	0
0	diagnostic-B2	39	attn_out	2x5120	1x5120	torch.bfloat16	torch.bfloat16	false	4999	5120	138.78292846679688	10.772432327270508	not_zero	0.07762073077920213	0.953125	0	0
0	diagnostic-B2	39	ffn_norm_in	2x5120	1x5120	torch.bfloat16	torch.bfloat16	false	5043	5120	211.62123107910156	21.554533004760742	not_zero	0.10185430306236101	2.0	0	0
0	diagnostic-B2	39	ffn_norm_out	2x5120	1x5120	torch.bfloat16	torch.bfloat16	false	5047	5120	34.13896942138672	3.464850664138794	not_zero	0.10149253837663305	0.169189453125	0	0
0	diagnostic-B2	39	ffn_in	2x5120	1x5120	torch.bfloat16	torch.bfloat16	false	5047	5120	34.13896942138672	3.464850664138794	not_zero	0.10149253837663305	0.169189453125	0	0
0	diagnostic-B2	39	ffn_out	2x5120	1x5120	torch.bfloat16	torch.bfloat16	false	5022	5120	96.3650131225586	10.182018280029297	not_zero	0.10566094425867655	5.25	0	0
0	diagnostic-B4	0	layer_entry	4x5120	1x5120	torch.bfloat16	torch.bfloat16	true	0	5120	10.023543357849121	0.0	not_zero	0.0	0.0	0	0
0	diagnostic-B4	0	attn_norm_in	4x5120	1x5120	torch.bfloat16	torch.bfloat16	true	0	5120	10.023543357849121	0.0	not_zero	0.0	0.0	0	0
0	diagnostic-B4	0	attn_norm_out	4x5120	1x5120	torch.bfloat16	torch.bfloat16	true	0	5120	1.4394901990890503	0.0	not_zero	0.0	0.0	0	0
0	diagnostic-B4	0	attn_in	4x5120	1x5120	torch.bfloat16	torch.bfloat16	true	0	5120	1.4394901990890503	0.0	not_zero	0.0	0.0	0	0
0	diagnostic-B4	0	attn_out	4x5120	1x5120	torch.bfloat16	torch.bfloat16	true	0	5120	54.067481994628906	0.0	not_zero	0.0	0.0	0	0
0	diagnostic-B4	0	ffn_norm_in	4x5120	1x5120	torch.bfloat16	torch.bfloat16	true	0	5120	19.526836395263672	0.0	not_zero	0.0	0.0	0	0
0	diagnostic-B4	0	ffn_norm_out	4x5120	1x5120	torch.bfloat16	torch.bfloat16	true	0	5120	8.996875762939453	0.0	not_zero	0.0	0.0	0	0
0	diagnostic-B4	0	ffn_in	4x5120	1x5120	torch.bfloat16	torch.bfloat16	true	0	5120	8.996875762939453	0.0	not_zero	0.0	0.0	0	0
0	diagnostic-B4	0	ffn_out	4x5120	1x5120	torch.bfloat16	torch.bfloat16	false	3766	5120	8.766240119934082	0.059798501431941986	not_zero	0.006821453737727599	0.0078125	0	0
0	diagnostic-B4	1	layer_entry	4x5120	1x5120	torch.bfloat16	torch.bfloat16	false	3766	5120	8.766240119934082	0.059798501431941986	not_zero	0.006821453737727599	0.0078125	0	0
0	diagnostic-B4	1	attn_norm_in	4x5120	1x5120	torch.bfloat16	torch.bfloat16	false	2686	5120	14.400200843811035	0.05809938162565231	not_zero	0.0040346230067077465	0.0078125	0	0
0	diagnostic-B4	1	attn_norm_out	4x5120	1x5120	torch.bfloat16	torch.bfloat16	false	2906	5120	1.5649936199188232	0.006939462386071682	not_zero	0.0044341793460037455	0.00048828125	0	0
0	diagnostic-B4	1	attn_in	4x5120	1x5120	torch.bfloat16	torch.bfloat16	false	2906	5120	1.5649936199188232	0.006939462386071682	not_zero	0.0044341793460037455	0.00048828125	0	0
0	diagnostic-B4	1	attn_out	4x5120	1x5120	torch.bfloat16	torch.bfloat16	false	3816	5120	34.456581115722656	0.25625285506248474	not_zero	0.007436978561565868	0.03125	0	0
0	diagnostic-B4	1	ffn_norm_in	4x5120	1x5120	torch.bfloat16	torch.bfloat16	false	3133	5120	30.5642032623291	0.1455073207616806	not_zero	0.004760710413839605	0.0224609375	0	0
0	diagnostic-B4	1	ffn_norm_out	4x5120	1x5120	torch.bfloat16	torch.bfloat16	false	3406	5120	9.398193359375	0.048843465745449066	not_zero	0.005197112240378215	0.00390625	0	0
0	diagnostic-B4	1	ffn_in	4x5120	1x5120	torch.bfloat16	torch.bfloat16	false	3406	5120	9.398193359375	0.048843465745449066	not_zero	0.005197112240378215	0.00390625	0	0
0	diagnostic-B4	1	ffn_out	4x5120	1x5120	torch.bfloat16	torch.bfloat16	false	4139	5120	5.771538734436035	0.06006960570812225	not_zero	0.010407901336556124	0.00390625	0	0
0	diagnostic-B4	2	layer_entry	4x5120	1x5120	torch.bfloat16	torch.bfloat16	false	4139	5120	5.771538734436035	0.06006960570812225	not_zero	0.010407901336556124	0.00390625	0	0
0	diagnostic-B4	2	attn_norm_in	4x5120	1x5120	torch.bfloat16	torch.bfloat16	false	3749	5120	22.740814208984375	0.14253568649291992	not_zero	0.006267835671275452	0.017578125	0	0
0	diagnostic-B4	2	attn_norm_out	4x5120	1x5120	torch.bfloat16	torch.bfloat16	false	3866	5120	2.3065195083618164	0.014713788405060768	not_zero	0.006379216976799428	0.001953125	0	0
0	diagnostic-B4	2	attn_in	4x5120	1x5120	torch.bfloat16	torch.bfloat16	false	3866	5120	2.3065195083618164	0.014713788405060768	not_zero	0.006379216976799428	0.001953125	0	0
0	diagnostic-B4	2	attn_out	4x5120	1x5120	torch.bfloat16	torch.bfloat16	false	3962	5120	31.994749069213867	0.2843332290649414	not_zero	0.008886871669155668	0.015625	0	0
0	diagnostic-B4	2	ffn_norm_in	4x5120	1x5120	torch.bfloat16	torch.bfloat16	false	4001	5120	19.641082763671875	0.1573941558599472	not_zero	0.008013517266525818	0.015625	0	0
0	diagnostic-B4	2	ffn_norm_out	4x5120	1x5120	torch.bfloat16	torch.bfloat16	false	4069	5120	10.396515846252441	0.08554989844560623	not_zero	0.008228708512616157	0.005859375	0	0
0	diagnostic-B4	2	ffn_in	4x5120	1x5120	torch.bfloat16	torch.bfloat16	false	4069	5120	10.396515846252441	0.08554989844560623	not_zero	0.008228708512616157	0.005859375	0	0
0	diagnostic-B4	2	ffn_out	4x5120	1x5120	torch.bfloat16	torch.bfloat16	false	4490	5120	5.6896257400512695	0.08935512602329254	not_zero	0.015704921572308437	0.0078125	0	0
0	diagnostic-B4	3	layer_entry	4x5120	1x5120	torch.bfloat16	torch.bfloat16	false	4490	5120	5.6896257400512695	0.08935512602329254	not_zero	0.015704921572308437	0.0078125	0	0
0	diagnostic-B4	3	attn_norm_in	4x5120	1x5120	torch.bfloat16	torch.bfloat16	false	4088	5120	16.937992095947266	0.14677095413208008	not_zero	0.008665192031067118	0.009765625	0	0
0	diagnostic-B4	3	attn_norm_out	4x5120	1x5120	torch.bfloat16	torch.bfloat16	false	4227	5120	1.4959101676940918	0.012854592874646187	not_zero	0.008593158300716159	0.00091552734375	0	0
0	diagnostic-B4	3	attn_in	4x5120	1x5120	torch.bfloat16	torch.bfloat16	false	4227	5120	1.4959101676940918	0.012854592874646187	not_zero	0.008593158300716159	0.00091552734375	0	0
0	diagnostic-B4	3	attn_out	4x5120	1x5120	torch.bfloat16	torch.bfloat16	false	3773	5120	29.565189361572266	0.22072169184684753	not_zero	0.0074655937138604425	0.01171875	0	0
0	diagnostic-B4	3	ffn_norm_in	4x5120	1x5120	torch.bfloat16	torch.bfloat16	false	3919	5120	17.3911075592041	0.13942363858222961	not_zero	0.00801694993303867	0.0078125	0	0
0	diagnostic-B4	3	ffn_norm_out	4x5120	1x5120	torch.bfloat16	torch.bfloat16	false	4108	5120	11.72196102142334	0.0960283875465393	not_zero	0.008192177688616733	0.0078125	0	0
0	diagnostic-B4	3	ffn_in	4x5120	1x5120	torch.bfloat16	torch.bfloat16	false	4108	5120	11.72196102142334	0.0960283875465393	not_zero	0.008192177688616733	0.0078125	0	0
0	diagnostic-B4	3	ffn_out	4x5120	1x5120	torch.bfloat16	torch.bfloat16	false	4459	5120	5.971574306488037	0.09109394252300262	not_zero	0.015254594156859147	0.0078125	0	0
0	diagnostic-B4	4	layer_entry	4x5120	1x5120	torch.bfloat16	torch.bfloat16	false	4459	5120	5.971574306488037	0.09109394252300262	not_zero	0.015254594156859147	0.0078125	0	0
0	diagnostic-B4	4	attn_norm_in	4x5120	1x5120	torch.bfloat16	torch.bfloat16	false	4169	5120	19.116352081298828	0.1708913892507553	not_zero	0.008939539747122317	0.015625	0	0
0	diagnostic-B4	4	attn_norm_out	4x5120	1x5120	torch.bfloat16	torch.bfloat16	false	4231	5120	1.5449882745742798	0.01387681532651186	not_zero	0.008981825658408705	0.000732421875	0	0
0	diagnostic-B4	4	attn_in	4x5120	1x5120	torch.bfloat16	torch.bfloat16	false	4231	5120	1.5449882745742798	0.01387681532651186	not_zero	0.008981825658408705	0.000732421875	0	0
0	diagnostic-B4	4	attn_out	4x5120	1x5120	torch.bfloat16	torch.bfloat16	false	3955	5120	31.927892684936523	0.2780563235282898	not_zero	0.008708884306024865	0.015625	0	0
0	diagnostic-B4	4	ffn_norm_in	4x5120	1x5120	torch.bfloat16	torch.bfloat16	false	4091	5120	23.699920654296875	0.20866581797599792	not_zero	0.008804494370244489	0.0126953125	0	0
0	diagnostic-B4	4	ffn_norm_out	4x5120	1x5120	torch.bfloat16	torch.bfloat16	false	4162	5120	12.438974380493164	0.11190374940633774	not_zero	0.00899621994413185	0.005859375	0	0
0	diagnostic-B4	4	ffn_in	4x5120	1x5120	torch.bfloat16	torch.bfloat16	false	4162	5120	12.438974380493164	0.11190374940633774	not_zero	0.00899621994413185	0.005859375	0	0
0	diagnostic-B4	4	ffn_out	4x5120	1x5120	torch.bfloat16	torch.bfloat16	false	4524	5120	8.14199161529541	0.13528116047382355	not_zero	0.016615241929221175	0.0078125	0	0
0	diagnostic-B4	5	layer_entry	4x5120	1x5120	torch.bfloat16	torch.bfloat16	false	4524	5120	8.14199161529541	0.13528116047382355	not_zero	0.016615241929221175	0.0078125	0	0
0	diagnostic-B4	5	attn_norm_in	4x5120	1x5120	torch.bfloat16	torch.bfloat16	false	4271	5120	27.409902572631836	0.2991916537284851	not_zero	0.010915458489342503	0.015625	0	0
0	diagnostic-B4	5	attn_norm_out	4x5120	1x5120	torch.bfloat16	torch.bfloat16	false	4375	5120	1.6721417903900146	0.017690462991595268	not_zero	0.010579523275636271	0.0009765625	0	0
0	diagnostic-B4	5	attn_in	4x5120	1x5120	torch.bfloat16	torch.bfloat16	false	4375	5120	1.6721417903900146	0.017690462991595268	not_zero	0.010579523275636271	0.0009765625	0	0
0	diagnostic-B4	5	attn_out	4x5120	1x5120	torch.bfloat16	torch.bfloat16	false	4332	5120	27.721786499023438	0.35115787386894226	not_zero	0.012667216590868434	0.03125	0	0
0	diagnostic-B4	5	ffn_norm_in	4x5120	1x5120	torch.bfloat16	torch.bfloat16	false	4224	5120	28.066465377807617	0.2969616949558258	not_zero	0.010580658838167625	0.0234375	0	0
0	diagnostic-B4	5	ffn_norm_out	4x5120	1x5120	torch.bfloat16	torch.bfloat16	false	4330	5120	13.02416706085205	0.13754771649837494	not_zero	0.010560960701419049	0.0078125	0	0
0	diagnostic-B4	5	ffn_in	4x5120	1x5120	torch.bfloat16	torch.bfloat16	false	4330	5120	13.02416706085205	0.13754771649837494	not_zero	0.010560960701419049	0.0078125	0	0
0	diagnostic-B4	5	ffn_out	4x5120	1x5120	torch.bfloat16	torch.bfloat16	false	4553	5120	7.068871021270752	0.11670104414224625	not_zero	0.016509148885456282	0.00634765625	0	0
0	diagnostic-B4	6	layer_entry	4x5120	1x5120	torch.bfloat16	torch.bfloat16	false	4553	5120	7.068871021270752	0.11670104414224625	not_zero	0.016509148885456282	0.00634765625	0	0
0	diagnostic-B4	6	attn_norm_in	4x5120	1x5120	torch.bfloat16	torch.bfloat16	false	4300	5120	25.0979061126709	0.29427871108055115	not_zero	0.01172522957729856	0.0234375	0	0
0	diagnostic-B4	6	attn_norm_out	4x5120	1x5120	torch.bfloat16	torch.bfloat16	false	4356	5120	1.6357624530792236	0.01790657453238964	not_zero	0.010946928448370728	0.0009765625	0	0
0	diagnostic-B4	6	attn_in	4x5120	1x5120	torch.bfloat16	torch.bfloat16	false	4356	5120	1.6357624530792236	0.01790657453238964	not_zero	0.010946928448370728	0.0009765625	0	0
0	diagnostic-B4	6	attn_out	4x5120	1x5120	torch.bfloat16	torch.bfloat16	false	4006	5120	33.20033264160156	0.301563560962677	not_zero	0.009083148781009616	0.015625	0	0
0	diagnostic-B4	6	ffn_norm_in	4x5120	1x5120	torch.bfloat16	torch.bfloat16	false	4258	5120	28.92302894592285	0.29736271500587463	not_zero	0.010281174753925367	0.015625	0	0
0	diagnostic-B4	6	ffn_norm_out	4x5120	1x5120	torch.bfloat16	torch.bfloat16	false	4263	5120	14.630702018737793	0.1492289900779724	not_zero	0.01019971494784408	0.0078125	0	0
0	diagnostic-B4	6	ffn_in	4x5120	1x5120	torch.bfloat16	torch.bfloat16	false	4263	5120	14.630702018737793	0.1492289900779724	not_zero	0.01019971494784408	0.0078125	0	0
0	diagnostic-B4	6	ffn_out	4x5120	1x5120	torch.bfloat16	torch.bfloat16	false	4649	5120	12.12454605102539	0.21835139393806458	not_zero	0.018009036628600067	0.015625	0	0
0	diagnostic-B4	7	layer_entry	4x5120	1x5120	torch.bfloat16	torch.bfloat16	false	4649	5120	12.12454605102539	0.21835139393806458	not_zero	0.018009036628600067	0.015625	0	0
0	diagnostic-B4	7	attn_norm_in	4x5120	1x5120	torch.bfloat16	torch.bfloat16	false	4348	5120	32.34659957885742	0.4267110824584961	not_zero	0.01319183741147881	0.03125	0	0
0	diagnostic-B4	7	attn_norm_out	4x5120	1x5120	torch.bfloat16	torch.bfloat16	false	4368	5120	1.6963090896606445	0.020339269191026688	not_zero	0.011990308437889502	0.00146484375	0	0
0	diagnostic-B4	7	attn_in	4x5120	1x5120	torch.bfloat16	torch.bfloat16	false	4368	5120	1.6963090896606445	0.020339269191026688	not_zero	0.011990308437889502	0.00146484375	0	0
0	diagnostic-B4	7	attn_out	4x5120	1x5120	torch.bfloat16	torch.bfloat16	false	4290	5120	26.391679763793945	0.3258768320083618	not_zero	0.012347710904533774	0.017578125	0	0
0	diagnostic-B4	7	ffn_norm_in	4x5120	1x5120	torch.bfloat16	torch.bfloat16	false	4405	5120	27.094926834106445	0.3033168911933899	not_zero	0.011194600858326801	0.01806640625	0	0
0	diagnostic-B4	7	ffn_norm_out	4x5120	1x5120	torch.bfloat16	torch.bfloat16	false	4407	5120	16.908466339111328	0.1917463093996048	not_zero	0.011340254376357741	0.01171875	0	0
0	diagnostic-B4	7	ffn_in	4x5120	1x5120	torch.bfloat16	torch.bfloat16	false	4407	5120	16.908466339111328	0.1917463093996048	not_zero	0.011340254376357741	0.01171875	0	0
0	diagnostic-B4	7	ffn_out	4x5120	1x5120	torch.bfloat16	torch.bfloat16	false	4549	5120	13.419835090637207	0.222068190574646	not_zero	0.01654775852868559	0.0126953125	0	0
0	diagnostic-B4	8	layer_entry	4x5120	1x5120	torch.bfloat16	torch.bfloat16	false	4549	5120	13.419835090637207	0.222068190574646	not_zero	0.01654775852868559	0.0126953125	0	0
0	diagnostic-B4	8	attn_norm_in	4x5120	1x5120	torch.bfloat16	torch.bfloat16	false	4398	5120	39.79330062866211	0.4439280927181244	not_zero	0.011155849997483602	0.0234375	0	0
0	diagnostic-B4	8	attn_norm_out	4x5120	1x5120	torch.bfloat16	torch.bfloat16	false	4380	5120	3.7556095123291016	0.03663918375968933	not_zero	0.00975585551144452	0.015625	0	0
0	diagnostic-B4	8	attn_in	4x5120	1x5120	torch.bfloat16	torch.bfloat16	false	4380	5120	3.7556095123291016	0.03663918375968933	not_zero	0.00975585551144452	0.015625	0	0
0	diagnostic-B4	8	attn_out	4x5120	1x5120	torch.bfloat16	torch.bfloat16	false	4109	5120	49.9599494934082	0.49222785234451294	not_zero	0.009852448958329277	0.0625	0	0
0	diagnostic-B4	8	ffn_norm_in	4x5120	1x5120	torch.bfloat16	torch.bfloat16	false	4339	5120	31.450969696044922	0.34263885021209717	not_zero	0.01089438111204518	0.0234375	0	0
0	diagnostic-B4	8	ffn_norm_out	4x5120	1x5120	torch.bfloat16	torch.bfloat16	false	4388	5120	15.656110763549805	0.16862642765045166	not_zero	0.010770646056174041	0.009765625	0	0
0	diagnostic-B4	8	ffn_in	4x5120	1x5120	torch.bfloat16	torch.bfloat16	false	4388	5120	15.656110763549805	0.16862642765045166	not_zero	0.010770646056174041	0.009765625	0	0
0	diagnostic-B4	8	ffn_out	4x5120	1x5120	torch.bfloat16	torch.bfloat16	false	4674	5120	10.29256820678711	0.21357710659503937	not_zero	0.02075061367620597	0.01171875	0	0
0	diagnostic-B4	9	layer_entry	4x5120	1x5120	torch.bfloat16	torch.bfloat16	false	4674	5120	10.29256820678711	0.21357710659503937	not_zero	0.02075061367620597	0.01171875	0	0
0	diagnostic-B4	9	attn_norm_in	4x5120	1x5120	torch.bfloat16	torch.bfloat16	false	4522	5120	28.068960189819336	0.3874776065349579	not_zero	0.013804487373760882	0.0234375	0	0
0	diagnostic-B4	9	attn_norm_out	4x5120	1x5120	torch.bfloat16	torch.bfloat16	false	4437	5120	1.8644509315490723	0.023299042135477066	not_zero	0.012496463028994355	0.0015869140625	0	0
0	diagnostic-B4	9	attn_in	4x5120	1x5120	torch.bfloat16	torch.bfloat16	false	4437	5120	1.8644509315490723	0.023299042135477066	not_zero	0.012496463028994355	0.0015869140625	0	0
0	diagnostic-B4	9	attn_out	4x5120	1x5120	torch.bfloat16	torch.bfloat16	false	4341	5120	44.96403503417969	0.58414226770401	not_zero	0.012991322225862752	0.03125	0	0
0	diagnostic-B4	9	ffn_norm_in	4x5120	1x5120	torch.bfloat16	torch.bfloat16	false	4369	5120	32.66891098022461	0.38827216625213623	not_zero	0.011885066095015167	0.02252197265625	0	0
0	diagnostic-B4	9	ffn_norm_out	4x5120	1x5120	torch.bfloat16	torch.bfloat16	false	4370	5120	16.351778030395508	0.19652915000915527	not_zero	0.01201882447546909	0.01171875	0	0
0	diagnostic-B4	9	ffn_in	4x5120	1x5120	torch.bfloat16	torch.bfloat16	false	4370	5120	16.351778030395508	0.19652915000915527	not_zero	0.01201882447546909	0.01171875	0	0
0	diagnostic-B4	9	ffn_out	4x5120	1x5120	torch.bfloat16	torch.bfloat16	false	4657	5120	11.581546783447266	0.23709185421466827	not_zero	0.02047151892988317	0.013671875	0	0
0	diagnostic-B4	10	layer_entry	4x5120	1x5120	torch.bfloat16	torch.bfloat16	false	4657	5120	11.581546783447266	0.23709185421466827	not_zero	0.02047151892988317	0.013671875	0	0
0	diagnostic-B4	10	attn_norm_in	4x5120	1x5120	torch.bfloat16	torch.bfloat16	false	4592	5120	35.719173431396484	0.5568228960037231	not_zero	0.01558890765132561	0.033447265625	0	0
0	diagnostic-B4	10	attn_norm_out	4x5120	1x5120	torch.bfloat16	torch.bfloat16	false	4458	5120	1.893085241317749	0.02557164989411831	not_zero	0.013507923117248676	0.0017852783203125	0	0
0	diagnostic-B4	10	attn_in	4x5120	1x5120	torch.bfloat16	torch.bfloat16	false	4458	5120	1.893085241317749	0.02557164989411831	not_zero	0.013507923117248676	0.0017852783203125	0	0
0	diagnostic-B4	10	attn_out	4x5120	1x5120	torch.bfloat16	torch.bfloat16	false	4420	5120	39.43046569824219	0.5948955416679382	not_zero	0.015087205568927854	0.033203125	0	0
0	diagnostic-B4	10	ffn_norm_in	4x5120	1x5120	torch.bfloat16	torch.bfloat16	false	4545	5120	35.68378829956055	0.5231233835220337	not_zero	0.01465997329460886	0.03125	0	0
0	diagnostic-B4	10	ffn_norm_out	4x5120	1x5120	torch.bfloat16	torch.bfloat16	false	4460	5120	15.940790176391602	0.2175581306219101	not_zero	0.013647888731646119	0.013916015625	0	0
0	diagnostic-B4	10	ffn_in	4x5120	1x5120	torch.bfloat16	torch.bfloat16	false	4460	5120	15.940790176391602	0.2175581306219101	not_zero	0.013647888731646119	0.013916015625	0	0
0	diagnostic-B4	10	ffn_out	4x5120	1x5120	torch.bfloat16	torch.bfloat16	false	4698	5120	9.366169929504395	0.2051711529493332	not_zero	0.021905555258294327	0.01171875	0	0
0	diagnostic-B4	11	layer_entry	4x5120	1x5120	torch.bfloat16	torch.bfloat16	false	4698	5120	9.366169929504395	0.2051711529493332	not_zero	0.021905555258294327	0.01171875	0	0
0	diagnostic-B4	11	attn_norm_in	4x5120	1x5120	torch.bfloat16	torch.bfloat16	false	4578	5120	37.18736267089844	0.5789292454719543	not_zero	0.015567902746838367	0.03125	0	0
0	diagnostic-B4	11	attn_norm_out	4x5120	1x5120	torch.bfloat16	torch.bfloat16	false	4496	5120	1.9248926639556885	0.027763301506638527	not_zero	0.01442329851763498	0.00146484375	0	0
0	diagnostic-B4	11	attn_in	4x5120	1x5120	torch.bfloat16	torch.bfloat16	false	4496	5120	1.9248926639556885	0.027763301506638527	not_zero	0.01442329851763498	0.00146484375	0	0
0	diagnostic-B4	11	attn_out	4x5120	1x5120	torch.bfloat16	torch.bfloat16	false	4328	5120	39.08633804321289	0.5094488263130188	not_zero	0.013033935943290076	0.0234375	0	0
0	diagnostic-B4	11	ffn_norm_in	4x5120	1x5120	torch.bfloat16	torch.bfloat16	false	4510	5120	38.738407135009766	0.563986599445343	not_zero	0.014558848469937246	0.03515625	0	0
0	diagnostic-B4	11	ffn_norm_out	4x5120	1x5120	torch.bfloat16	torch.bfloat16	false	4481	5120	17.100210189819336	0.2344561666250229	not_zero	0.013710718407695778	0.013671875	0	0
0	diagnostic-B4	11	ffn_in	4x5120	1x5120	torch.bfloat16	torch.bfloat16	false	4481	5120	17.100210189819336	0.2344561666250229	not_zero	0.013710718407695778	0.013671875	0	0
0	diagnostic-B4	11	ffn_out	4x5120	1x5120	torch.bfloat16	torch.bfloat16	false	4650	5120	13.7267427444458	0.27058887481689453	not_zero	0.019712533399548256	0.015625	0	0
0	diagnostic-B4	12	layer_entry	4x5120	1x5120	torch.bfloat16	torch.bfloat16	false	4650	5120	13.7267427444458	0.27058887481689453	not_zero	0.019712533399548256	0.015625	0	0
0	diagnostic-B4	12	attn_norm_in	4x5120	1x5120	torch.bfloat16	torch.bfloat16	false	4485	5120	39.854732513427734	0.5832882523536682	not_zero	0.014635357348268452	0.03125	0	0
0	diagnostic-B4	12	attn_norm_out	4x5120	1x5120	torch.bfloat16	torch.bfloat16	false	4605	5120	1.916431188583374	0.027828501537442207	not_zero	0.014521002216632174	0.001953125	0	0
0	diagnostic-B4	12	attn_in	4x5120	1x5120	torch.bfloat16	torch.bfloat16	false	4605	5120	1.916431188583374	0.027828501537442207	not_zero	0.014521002216632174	0.001953125	0	0
0	diagnostic-B4	12	attn_out	4x5120	1x5120	torch.bfloat16	torch.bfloat16	false	4534	5120	41.632877349853516	0.7456795573234558	not_zero	0.017910834052071098	0.0625	0	0
0	diagnostic-B4	12	ffn_norm_in	4x5120	1x5120	torch.bfloat16	torch.bfloat16	false	4541	5120	51.937034606933594	0.7942241430282593	not_zero	0.015292057951306877	0.046875	0	0
0	diagnostic-B4	12	ffn_norm_out	4x5120	1x5120	torch.bfloat16	torch.bfloat16	false	4484	5120	16.476173400878906	0.23582372069358826	not_zero	0.014313015222394325	0.013671875	0	0
0	diagnostic-B4	12	ffn_in	4x5120	1x5120	torch.bfloat16	torch.bfloat16	false	4484	5120	16.476173400878906	0.23582372069358826	not_zero	0.014313015222394325	0.013671875	0	0
0	diagnostic-B4	12	ffn_out	4x5120	1x5120	torch.bfloat16	torch.bfloat16	false	4665	5120	11.648482322692871	0.2447688728570938	not_zero	0.021012941091926616	0.015625	0	0
0	diagnostic-B4	13	layer_entry	4x5120	1x5120	torch.bfloat16	torch.bfloat16	false	4665	5120	11.648482322692871	0.2447688728570938	not_zero	0.021012941091926616	0.015625	0	0
0	diagnostic-B4	13	attn_norm_in	4x5120	1x5120	torch.bfloat16	torch.bfloat16	false	4538	5120	40.64252471923828	0.5924490094184875	not_zero	0.014577072007981083	0.0390625	0	0
0	diagnostic-B4	13	attn_norm_out	4x5120	1x5120	torch.bfloat16	torch.bfloat16	false	4514	5120	1.6890618801116943	0.023839205503463745	not_zero	0.014113873377976718	0.00146484375	0	0
0	diagnostic-B4	13	attn_in	4x5120	1x5120	torch.bfloat16	torch.bfloat16	false	4514	5120	1.6890618801116943	0.023839205503463745	not_zero	0.014113873377976718	0.00146484375	0	0
0	diagnostic-B4	13	attn_out	4x5120	1x5120	torch.bfloat16	torch.bfloat16	false	4530	5120	35.86527633666992	0.62593674659729	not_zero	0.017452444551704464	0.03515625	0	0
0	diagnostic-B4	13	ffn_norm_in	4x5120	1x5120	torch.bfloat16	torch.bfloat16	false	4526	5120	24.704544067382812	0.3557349741458893	not_zero	0.014399576578932415	0.0205078125	0	0
0	diagnostic-B4	13	ffn_norm_out	4x5120	1x5120	torch.bfloat16	torch.bfloat16	false	4492	5120	16.037534713745117	0.23388376832008362	not_zero	0.014583523745680898	0.013671875	0	0
0	diagnostic-B4	13	ffn_in	4x5120	1x5120	torch.bfloat16	torch.bfloat16	false	4492	5120	16.037534713745117	0.23388376832008362	not_zero	0.014583523745680898	0.013671875	0	0
0	diagnostic-B4	13	ffn_out	4x5120	1x5120	torch.bfloat16	torch.bfloat16	false	4609	5120	12.064126968383789	0.20099128782749176	not_zero	0.01666024307885896	0.03125	0	0
0	diagnostic-B4	14	layer_entry	4x5120	1x5120	torch.bfloat16	torch.bfloat16	false	4609	5120	12.064126968383789	0.20099128782749176	not_zero	0.01666024307885896	0.03125	0	0
0	diagnostic-B4	14	attn_norm_in	4x5120	1x5120	torch.bfloat16	torch.bfloat16	false	4537	5120	47.0048942565918	0.6769409775733948	not_zero	0.014401499849740923	0.0625	0	0
0	diagnostic-B4	14	attn_norm_out	4x5120	1x5120	torch.bfloat16	torch.bfloat16	false	4534	5120	2.0860676765441895	0.03315393626689911	not_zero	0.015893030048681072	0.0078125	0	0
0	diagnostic-B4	14	attn_in	4x5120	1x5120	torch.bfloat16	torch.bfloat16	false	4534	5120	2.0860676765441895	0.03315393626689911	not_zero	0.015893030048681072	0.0078125	0	0
0	diagnostic-B4	14	attn_out	4x5120	1x5120	torch.bfloat16	torch.bfloat16	false	4334	5120	48.331180572509766	0.6224551200866699	not_zero	0.012878955422014157	0.0546875	0	0
0	diagnostic-B4	14	ffn_norm_in	4x5120	1x5120	torch.bfloat16	torch.bfloat16	false	4517	5120	39.59080505371094	0.5588217973709106	not_zero	0.014114938976683703	0.03125	0	0
0	diagnostic-B4	14	ffn_norm_out	4x5120	1x5120	torch.bfloat16	torch.bfloat16	false	4557	5120	18.71739387512207	0.267194926738739	not_zero	0.01427522060610569	0.015625	0	0
0	diagnostic-B4	14	ffn_in	4x5120	1x5120	torch.bfloat16	torch.bfloat16	false	4557	5120	18.71739387512207	0.267194926738739	not_zero	0.01427522060610569	0.015625	0	0
0	diagnostic-B4	14	ffn_out	4x5120	1x5120	torch.bfloat16	torch.bfloat16	false	4628	5120	16.982587814331055	0.3216523230075836	not_zero	0.018940124233372234	0.01953125	0	0
0	diagnostic-B4	15	layer_entry	4x5120	1x5120	torch.bfloat16	torch.bfloat16	false	4628	5120	16.982587814331055	0.3216523230075836	not_zero	0.018940124233372234	0.01953125	0	0
0	diagnostic-B4	15	attn_norm_in	4x5120	1x5120	torch.bfloat16	torch.bfloat16	false	4536	5120	66.72027587890625	1.0428179502487183	not_zero	0.015629700814507683	0.0625	0	0
0	diagnostic-B4	15	attn_norm_out	4x5120	1x5120	torch.bfloat16	torch.bfloat16	false	4509	5120	2.0966532230377197	0.02995096705853939	not_zero	0.014285131527446948	0.001708984375	0	0
0	diagnostic-B4	15	attn_in	4x5120	1x5120	torch.bfloat16	torch.bfloat16	false	4509	5120	2.0966532230377197	0.02995096705853939	not_zero	0.014285131527446948	0.001708984375	0	0
0	diagnostic-B4	15	attn_out	4x5120	1x5120	torch.bfloat16	torch.bfloat16	false	4659	5120	34.334598541259766	0.8115466833114624	not_zero	0.023636411019521013	0.078125	0	0
0	diagnostic-B4	15	ffn_norm_in	4x5120	1x5120	torch.bfloat16	torch.bfloat16	false	4118	5120	9.982675552368164	0.08697857707738876	not_zero	0.008712952416524752	0.005859375	0	0
0	diagnostic-B4	15	ffn_norm_out	4x5120	1x5120	torch.bfloat16	torch.bfloat16	false	4132	5120	43.86717224121094	0.3870440125465393	not_zero	0.00882309008700888	0.0234375	0	0
0	diagnostic-B4	15	ffn_in	4x5120	1x5120	torch.bfloat16	torch.bfloat16	false	4132	5120	43.86717224121094	0.3870440125465393	not_zero	0.00882309008700888	0.0234375	0	0
0	diagnostic-B4	15	ffn_out	4x5120	1x5120	torch.bfloat16	torch.bfloat16	false	4377	5120	66.45542907714844	0.9545745253562927	not_zero	0.014364131548200862	0.05859375	0	0
0	diagnostic-B4	16	layer_entry	4x5120	1x5120	torch.bfloat16	torch.bfloat16	false	4377	5120	66.45542907714844	0.9545745253562927	not_zero	0.014364131548200862	0.05859375	0	0
0	diagnostic-B4	16	attn_norm_in	4x5120	1x5120	torch.bfloat16	torch.bfloat16	false	4582	5120	67.66312408447266	1.0904018878936768	not_zero	0.01611515729797499	0.078125	0	0
0	diagnostic-B4	16	attn_norm_out	4x5120	1x5120	torch.bfloat16	torch.bfloat16	false	4501	5120	2.5243687629699707	0.03914044797420502	not_zero	0.015505043695817046	0.002197265625	0	0
0	diagnostic-B4	16	attn_in	4x5120	1x5120	torch.bfloat16	torch.bfloat16	false	4501	5120	2.5243687629699707	0.03914044797420502	not_zero	0.015505043695817046	0.002197265625	0	0
0	diagnostic-B4	16	attn_out	4x5120	1x5120	torch.bfloat16	torch.bfloat16	false	4396	5120	45.63039016723633	0.7019562721252441	not_zero	0.015383525530957764	0.046875	0	0
0	diagnostic-B4	16	ffn_norm_in	4x5120	1x5120	torch.bfloat16	torch.bfloat16	false	4522	5120	69.30841064453125	0.9979116916656494	not_zero	0.014398132670849079	0.0556640625	0	0
0	diagnostic-B4	16	ffn_norm_out	4x5120	1x5120	torch.bfloat16	torch.bfloat16	false	4531	5120	22.810319900512695	0.33103856444358826	not_zero	0.014512666454807048	0.018310546875	0	0
0	diagnostic-B4	16	ffn_in	4x5120	1x5120	torch.bfloat16	torch.bfloat16	false	4531	5120	22.810319900512695	0.33103856444358826	not_zero	0.014512666454807048	0.018310546875	0	0
0	diagnostic-B4	16	ffn_out	4x5120	1x5120	torch.bfloat16	torch.bfloat16	false	5068	5120	18.4532527923584	4.5940165519714355	not_zero	0.24895429568243085	0.224609375	0	0
0	diagnostic-B4	17	layer_entry	4x5120	1x5120	torch.bfloat16	torch.bfloat16	false	5068	5120	18.4532527923584	4.5940165519714355	not_zero	0.24895429568243085	0.224609375	0	0
0	diagnostic-B4	17	attn_norm_in	4x5120	1x5120	torch.bfloat16	torch.bfloat16	false	5046	5120	85.69869995117188	8.946474075317383	not_zero	0.10439451334051475	0.4375	0	0
0	diagnostic-B4	17	attn_norm_out	4x5120	1x5120	torch.bfloat16	torch.bfloat16	false	5035	5120	2.2941672801971436	0.23966996371746063	not_zero	0.1044692624579953	0.011962890625	0	0
0	diagnostic-B4	17	attn_in	4x5120	1x5120	torch.bfloat16	torch.bfloat16	false	5035	5120	2.2941672801971436	0.23966996371746063	not_zero	0.1044692624579953	0.011962890625	0	0
0	diagnostic-B4	17	attn_out	4x5120	1x5120	torch.bfloat16	torch.bfloat16	false	5027	5120	32.74671173095703	3.188037872314453	not_zero	0.09735444274548789	0.1640625	0	0
0	diagnostic-B4	17	ffn_norm_in	4x5120	1x5120	torch.bfloat16	torch.bfloat16	false	5014	5120	84.3404769897461	8.522294044494629	not_zero	0.10104631072374358	0.3984375	0	0
0	diagnostic-B4	17	ffn_norm_out	4x5120	1x5120	torch.bfloat16	torch.bfloat16	false	5022	5120	26.069196701049805	2.63350772857666	not_zero	0.1010199032512041	0.12109375	0	0
0	diagnostic-B4	17	ffn_in	4x5120	1x5120	torch.bfloat16	torch.bfloat16	false	5022	5120	26.069196701049805	2.63350772857666	not_zero	0.1010199032512041	0.12109375	0	0
0	diagnostic-B4	17	ffn_out	4x5120	1x5120	torch.bfloat16	torch.bfloat16	false	5012	5120	28.07929801940918	2.8282482624053955	not_zero	0.1007236099866326	0.166015625	0	0
0	diagnostic-B4	18	layer_entry	4x5120	1x5120	torch.bfloat16	torch.bfloat16	false	5012	5120	28.07929801940918	2.8282482624053955	not_zero	0.1007236099866326	0.166015625	0	0
0	diagnostic-B4	18	attn_norm_in	4x5120	1x5120	torch.bfloat16	torch.bfloat16	false	5020	5120	106.95832824707031	9.560379981994629	not_zero	0.08938415678964669	0.5	0	0
0	diagnostic-B4	18	attn_norm_out	4x5120	1x5120	torch.bfloat16	torch.bfloat16	false	5038	5120	2.0955262184143066	0.18773727118968964	not_zero	0.0895895596723916	0.009765625	0	0
0	diagnostic-B4	18	attn_in	4x5120	1x5120	torch.bfloat16	torch.bfloat16	false	5038	5120	2.0955262184143066	0.18773727118968964	not_zero	0.0895895596723916	0.009765625	0	0
0	diagnostic-B4	18	attn_out	4x5120	1x5120	torch.bfloat16	torch.bfloat16	false	4968	5120	46.643917083740234	3.4473724365234375	not_zero	0.07390829613075461	0.18994140625	0	0
0	diagnostic-B4	18	ffn_norm_in	4x5120	1x5120	torch.bfloat16	torch.bfloat16	false	5012	5120	113.66373443603516	9.289176940917969	not_zero	0.08172507253090035	0.515625	0	0
0	diagnostic-B4	18	ffn_norm_out	4x5120	1x5120	torch.bfloat16	torch.bfloat16	false	5014	5120	28.29143714904785	2.3142991065979004	not_zero	0.08180210479960677	0.130859375	0	0
0	diagnostic-B4	18	ffn_in	4x5120	1x5120	torch.bfloat16	torch.bfloat16	false	5014	5120	28.29143714904785	2.3142991065979004	not_zero	0.08180210479960677	0.130859375	0	0
0	diagnostic-B4	18	ffn_out	4x5120	1x5120	torch.bfloat16	torch.bfloat16	false	5081	5120	31.673879623413086	9.39605712890625	not_zero	0.29665002331955437	0.50390625	0	0
0	diagnostic-B4	19	layer_entry	4x5120	1x5120	torch.bfloat16	torch.bfloat16	false	5081	5120	31.673879623413086	9.39605712890625	not_zero	0.29665002331955437	0.50390625	0	0
0	diagnostic-B4	19	attn_norm_in	4x5120	1x5120	torch.bfloat16	torch.bfloat16	false	5060	5120	120.13526153564453	17.743160247802734	not_zero	0.1476931919987395	0.921875	0	0
0	diagnostic-B4	19	attn_norm_out	4x5120	1x5120	torch.bfloat16	torch.bfloat16	false	5069	5120	1.9172427654266357	0.28129568696022034	not_zero	0.1467188673405294	0.01458740234375	0	0
0	diagnostic-B4	19	attn_in	4x5120	1x5120	torch.bfloat16	torch.bfloat16	false	5069	5120	1.9172427654266357	0.28129568696022034	not_zero	0.1467188673405294	0.01458740234375	0	0
0	diagnostic-B4	19	attn_out	4x5120	1x5120	torch.bfloat16	torch.bfloat16	false	5013	5120	54.77485275268555	5.515734672546387	not_zero	0.10069830214698217	0.30078125	0	0
0	diagnostic-B4	19	ffn_norm_in	4x5120	1x5120	torch.bfloat16	torch.bfloat16	false	5066	5120	45.784332275390625	5.631605625152588	not_zero	0.12300289957880663	0.287109375	0	0
0	diagnostic-B4	19	ffn_norm_out	4x5120	1x5120	torch.bfloat16	torch.bfloat16	false	5031	5120	23.413833618164062	2.885554313659668	not_zero	0.1232414290080674	0.1416015625	0	0
0	diagnostic-B4	19	ffn_in	4x5120	1x5120	torch.bfloat16	torch.bfloat16	false	5031	5120	23.413833618164062	2.885554313659668	not_zero	0.1232414290080674	0.1416015625	0	0
0	diagnostic-B4	19	ffn_out	4x5120	1x5120	torch.bfloat16	torch.bfloat16	false	5024	5120	24.20722007751465	2.6321637630462646	not_zero	0.10873465662797033	0.140625	0	0
0	diagnostic-B4	20	layer_entry	4x5120	1x5120	torch.bfloat16	torch.bfloat16	false	5024	5120	24.20722007751465	2.6321637630462646	not_zero	0.10873465662797033	0.140625	0	0
0	diagnostic-B4	20	attn_norm_in	4x5120	1x5120	torch.bfloat16	torch.bfloat16	false	5028	5120	71.28883361816406	7.952638626098633	not_zero	0.11155517943657782	0.4140625	0	0
0	diagnostic-B4	20	attn_norm_out	4x5120	1x5120	torch.bfloat16	torch.bfloat16	false	5026	5120	1.6824135780334473	0.18839986622333527	not_zero	0.11198189831750738	0.0096435546875	0	0
0	diagnostic-B4	20	attn_in	4x5120	1x5120	torch.bfloat16	torch.bfloat16	false	5026	5120	1.6824135780334473	0.18839986622333527	not_zero	0.11198189831750738	0.0096435546875	0	0
0	diagnostic-B4	20	attn_out	4x5120	1x5120	torch.bfloat16	torch.bfloat16	false	5019	5120	54.00471878051758	5.066315650939941	not_zero	0.0938124624170367	0.265625	0	0
0	diagnostic-B4	20	ffn_norm_in	4x5120	1x5120	torch.bfloat16	torch.bfloat16	false	5028	5120	64.72149658203125	6.762356758117676	not_zero	0.104483936794427	0.3623046875	0	0
0	diagnostic-B4	20	ffn_norm_out	4x5120	1x5120	torch.bfloat16	torch.bfloat16	false	5030	5120	22.152475357055664	2.312804937362671	not_zero	0.10440390521080219	0.122314453125	0	0
0	diagnostic-B4	20	ffn_in	4x5120	1x5120	torch.bfloat16	torch.bfloat16	false	5030	5120	22.152475357055664	2.312804937362671	not_zero	0.10440390521080219	0.122314453125	0	0
0	diagnostic-B4	20	ffn_out	4x5120	1x5120	torch.bfloat16	torch.bfloat16	false	5024	5120	19.799907684326172	2.213101625442505	not_zero	0.11177333049862757	0.1142578125	0	0
0	diagnostic-B4	21	layer_entry	4x5120	1x5120	torch.bfloat16	torch.bfloat16	false	5024	5120	19.799907684326172	2.213101625442505	not_zero	0.11177333049862757	0.1142578125	0	0
0	diagnostic-B4	21	attn_norm_in	4x5120	1x5120	torch.bfloat16	torch.bfloat16	false	4995	5120	56.05887985229492	4.669200420379639	not_zero	0.08329100461304513	0.2265625	0	0
0	diagnostic-B4	21	attn_norm_out	4x5120	1x5120	torch.bfloat16	torch.bfloat16	false	5016	5120	1.6811095476150513	0.138533815741539	not_zero	0.08240617985786441	0.007080078125	0	0
0	diagnostic-B4	21	attn_in	4x5120	1x5120	torch.bfloat16	torch.bfloat16	false	5016	5120	1.6811095476150513	0.138533815741539	not_zero	0.08240617985786441	0.007080078125	0	0
0	diagnostic-B4	21	attn_out	4x5120	1x5120	torch.bfloat16	torch.bfloat16	false	4967	5120	56.08134841918945	3.4552483558654785	not_zero	0.061611363728964655	0.203125	0	0
0	diagnostic-B4	21	ffn_norm_in	4x5120	1x5120	torch.bfloat16	torch.bfloat16	false	5023	5120	72.93262481689453	6.7356133460998535	not_zero	0.09235391380757733	0.3828125	0	0
0	diagnostic-B4	21	ffn_norm_out	4x5120	1x5120	torch.bfloat16	torch.bfloat16	false	5013	5120	24.208208084106445	2.2258150577545166	not_zero	0.09194464332185924	0.125	0	0
0	diagnostic-B4	21	ffn_in	4x5120	1x5120	torch.bfloat16	torch.bfloat16	false	5013	5120	24.208208084106445	2.2258150577545166	not_zero	0.09194464332185924	0.125	0	0
0	diagnostic-B4	21	ffn_out	4x5120	1x5120	torch.bfloat16	torch.bfloat16	false	5024	5120	15.47658920288086	1.8632993698120117	not_zero	0.12039470359949668	0.09619140625	0	0
0	diagnostic-B4	22	layer_entry	4x5120	1x5120	torch.bfloat16	torch.bfloat16	false	5024	5120	15.47658920288086	1.8632993698120117	not_zero	0.12039470359949668	0.09619140625	0	0
0	diagnostic-B4	22	attn_norm_in	4x5120	1x5120	torch.bfloat16	torch.bfloat16	false	4975	5120	41.3079719543457	2.702040672302246	not_zero	0.0654120874122939	0.1328125	0	0
0	diagnostic-B4	22	attn_norm_out	4x5120	1x5120	torch.bfloat16	torch.bfloat16	false	4973	5120	3.4025771617889404	0.214665949344635	not_zero	0.06308922300288765	0.0107421875	0	0
0	diagnostic-B4	22	attn_in	4x5120	1x5120	torch.bfloat16	torch.bfloat16	false	4973	5120	3.4025771617889404	0.214665949344635	not_zero	0.06308922300288765	0.0107421875	0	0
0	diagnostic-B4	22	attn_out	4x5120	1x5120	torch.bfloat16	torch.bfloat16	false	4986	5120	49.831417083740234	4.229142665863037	not_zero	0.08486900259641597	0.23828125	0	0
0	diagnostic-B4	22	ffn_norm_in	4x5120	1x5120	torch.bfloat16	torch.bfloat16	false	5006	5120	85.20519256591797	8.219533920288086	not_zero	0.09646752354827604	0.3837890625	0	0
0	diagnostic-B4	22	ffn_norm_out	4x5120	1x5120	torch.bfloat16	torch.bfloat16	false	5010	5120	27.0665340423584	2.6071226596832275	not_zero	0.09632273772486535	0.123046875	0	0
0	diagnostic-B4	22	ffn_in	4x5120	1x5120	torch.bfloat16	torch.bfloat16	false	5010	5120	27.0665340423584	2.6071226596832275	not_zero	0.09632273772486535	0.123046875	0	0
0	diagnostic-B4	22	ffn_out	4x5120	1x5120	torch.bfloat16	torch.bfloat16	false	5090	5120	18.257549285888672	5.836276531219482	not_zero	0.3196637423693202	0.296875	0	0
0	diagnostic-B4	23	layer_entry	4x5120	1x5120	torch.bfloat16	torch.bfloat16	false	5090	5120	18.257549285888672	5.836276531219482	not_zero	0.3196637423693202	0.296875	0	0
0	diagnostic-B4	23	attn_norm_in	4x5120	1x5120	torch.bfloat16	torch.bfloat16	false	5059	5120	123.24774932861328	16.689586639404297	not_zero	0.1354149404781839	0.8359375	0	0
0	diagnostic-B4	23	attn_norm_out	4x5120	1x5120	torch.bfloat16	torch.bfloat16	false	5053	5120	2.3975212574005127	0.3130722641944885	not_zero	0.13058164269789785	0.01611328125	0	0
0	diagnostic-B4	23	attn_in	4x5120	1x5120	torch.bfloat16	torch.bfloat16	false	5053	5120	2.3975212574005127	0.3130722641944885	not_zero	0.13058164269789785	0.01611328125	0	0
0	diagnostic-B4	23	attn_out	4x5120	1x5120	torch.bfloat16	torch.bfloat16	false	5068	5120	38.59120559692383	7.328142166137695	not_zero	0.18989150644005365	0.390625	0	0
0	diagnostic-B4	23	ffn_norm_in	4x5120	1x5120	torch.bfloat16	torch.bfloat16	false	5032	5120	49.15272903442383	4.739266395568848	not_zero	0.09641919154172966	0.23828125	0	0
0	diagnostic-B4	23	ffn_norm_out	4x5120	1x5120	torch.bfloat16	torch.bfloat16	false	5029	5120	29.178165435791016	2.7590749263763428	not_zero	0.09455957511955017	0.13671875	0	0
0	diagnostic-B4	23	ffn_in	4x5120	1x5120	torch.bfloat16	torch.bfloat16	false	5029	5120	29.178165435791016	2.7590749263763428	not_zero	0.09455957511955017	0.13671875	0	0
0	diagnostic-B4	23	ffn_out	4x5120	1x5120	torch.bfloat16	torch.bfloat16	false	5035	5120	30.40627670288086	3.1206839084625244	not_zero	0.10263288527420569	0.1796875	0	0
0	diagnostic-B4	24	layer_entry	4x5120	1x5120	torch.bfloat16	torch.bfloat16	false	5035	5120	30.40627670288086	3.1206839084625244	not_zero	0.10263288527420569	0.1796875	0	0
0	diagnostic-B4	24	attn_norm_in	4x5120	1x5120	torch.bfloat16	torch.bfloat16	false	5062	5120	137.8685760498047	18.47736167907715	not_zero	0.13402156030393936	0.82421875	0	0
0	diagnostic-B4	24	attn_norm_out	4x5120	1x5120	torch.bfloat16	torch.bfloat16	false	5043	5120	3.525103807449341	0.46728408336639404	not_zero	0.13255895681112062	0.021240234375	0	0
0	diagnostic-B4	24	attn_in	4x5120	1x5120	torch.bfloat16	torch.bfloat16	false	5043	5120	3.525103807449341	0.46728408336639404	not_zero	0.13255895681112062	0.021240234375	0	0
0	diagnostic-B4	24	attn_out	4x5120	1x5120	torch.bfloat16	torch.bfloat16	false	5061	5120	42.643211364746094	8.0193510055542	not_zero	0.18805692040782698	0.4765625	0	0
0	diagnostic-B4	24	ffn_norm_in	4x5120	1x5120	torch.bfloat16	torch.bfloat16	false	5049	5120	75.521728515625	10.093377113342285	not_zero	0.13364865068275053	0.5458984375	0	0
0	diagnostic-B4	24	ffn_norm_out	4x5120	1x5120	torch.bfloat16	torch.bfloat16	false	5036	5120	29.22224235534668	3.888096809387207	not_zero	0.13305265085777435	0.2099609375	0	0
0	diagnostic-B4	24	ffn_in	4x5120	1x5120	torch.bfloat16	torch.bfloat16	false	5036	5120	29.22224235534668	3.888096809387207	not_zero	0.13305265085777435	0.2099609375	0	0
0	diagnostic-B4	24	ffn_out	4x5120	1x5120	torch.bfloat16	torch.bfloat16	false	5097	5120	24.180574417114258	7.075222015380859	not_zero	0.292599418580116	0.359375	0	0
0	diagnostic-B4	25	layer_entry	4x5120	1x5120	torch.bfloat16	torch.bfloat16	false	5097	5120	24.180574417114258	7.075222015380859	not_zero	0.292599418580116	0.359375	0	0
0	diagnostic-B4	25	attn_norm_in	4x5120	1x5120	torch.bfloat16	torch.bfloat16	false	5074	5120	141.14602661132812	20.15071678161621	not_zero	0.1427650304114119	1.1328125	0	0
0	diagnostic-B4	25	attn_norm_out	4x5120	1x5120	torch.bfloat16	torch.bfloat16	false	5055	5120	3.211484432220459	0.4584815204143524	not_zero	0.14276311471868253	0.0252685546875	0	0
0	diagnostic-B4	25	attn_in	4x5120	1x5120	torch.bfloat16	torch.bfloat16	false	5055	5120	3.211484432220459	0.4584815204143524	not_zero	0.14276311471868253	0.0252685546875	0	0
0	diagnostic-B4	25	attn_out	4x5120	1x5120	torch.bfloat16	torch.bfloat16	false	5064	5120	45.9742546081543	8.505581855773926	not_zero	0.1850074988331691	0.4296875	0	0
0	diagnostic-B4	25	ffn_norm_in	4x5120	1x5120	torch.bfloat16	torch.bfloat16	false	5073	5120	95.13330841064453	16.82495880126953	not_zero	0.17685665601625367	0.91064453125	0	0
0	diagnostic-B4	25	ffn_norm_out	4x5120	1x5120	torch.bfloat16	torch.bfloat16	false	5075	5120	33.97990798950195	5.996314525604248	not_zero	0.1764664732893568	0.32763671875	0	0
0	diagnostic-B4	25	ffn_in	4x5120	1x5120	torch.bfloat16	torch.bfloat16	false	5075	5120	33.97990798950195	5.996314525604248	not_zero	0.1764664732893568	0.32763671875	0	0
0	diagnostic-B4	25	ffn_out	4x5120	1x5120	torch.bfloat16	torch.bfloat16	false	5094	5120	33.801700592041016	11.497179985046387	not_zero	0.34013614059860425	0.552734375	0	0
0	diagnostic-B4	26	layer_entry	4x5120	1x5120	torch.bfloat16	torch.bfloat16	false	5094	5120	33.801700592041016	11.497179985046387	not_zero	0.34013614059860425	0.552734375	0	0
0	diagnostic-B4	26	attn_norm_in	4x5120	1x5120	torch.bfloat16	torch.bfloat16	false	5042	5120	83.05142974853516	9.690217018127441	not_zero	0.11667730522481891	0.5123291015625	0	0
0	diagnostic-B4	26	attn_norm_out	4x5120	1x5120	torch.bfloat16	torch.bfloat16	false	5052	5120	1.8059016466140747	0.21039557456970215	not_zero	0.11650444804908258	0.011600494384765625	0	0
0	diagnostic-B4	26	attn_in	4x5120	1x5120	torch.bfloat16	torch.bfloat16	false	5052	5120	1.8059016466140747	0.21039557456970215	not_zero	0.11650444804908258	0.011600494384765625	0	0
0	diagnostic-B4	26	attn_out	4x5120	1x5120	torch.bfloat16	torch.bfloat16	false	5001	5120	79.43251037597656	6.896543502807617	not_zero	0.08682268091697372	0.390625	0	0
0	diagnostic-B4	26	ffn_norm_in	4x5120	1x5120	torch.bfloat16	torch.bfloat16	false	5070	5120	119.25659942626953	26.432418823242188	not_zero	0.22164323777808245	1.3994140625	0	0
0	diagnostic-B4	26	ffn_norm_out	4x5120	1x5120	torch.bfloat16	torch.bfloat16	false	5064	5120	35.43473434448242	7.815088748931885	not_zero	0.22054881724120445	0.4151611328125	0	0
0	diagnostic-B4	26	ffn_in	4x5120	1x5120	torch.bfloat16	torch.bfloat16	false	5064	5120	35.43473434448242	7.815088748931885	not_zero	0.22054881724120445	0.4151611328125	0	0
0	diagnostic-B4	26	ffn_out	4x5120	1x5120	torch.bfloat16	torch.bfloat16	false	5078	5120	26.82662010192871	7.3277387619018555	not_zero	0.27315176992330187	0.421875	0	0
0	diagnostic-B4	27	layer_entry	4x5120	1x5120	torch.bfloat16	torch.bfloat16	false	5078	5120	26.82662010192871	7.3277387619018555	not_zero	0.27315176992330187	0.421875	0	0
0	diagnostic-B4	27	attn_norm_in	4x5120	1x5120	torch.bfloat16	torch.bfloat16	false	5066	5120	162.67803955078125	26.910184860229492	not_zero	0.16541989892759473	1.37109375	0	0
0	diagnostic-B4	27	attn_norm_out	4x5120	1x5120	torch.bfloat16	torch.bfloat16	false	5063	5120	2.858510971069336	0.45215392112731934	not_zero	0.15817813039848988	0.02337646484375	0	0
0	diagnostic-B4	27	attn_in	4x5120	1x5120	torch.bfloat16	torch.bfloat16	false	5063	5120	2.858510971069336	0.45215392112731934	not_zero	0.15817813039848988	0.02337646484375	0	0
0	diagnostic-B4	27	attn_out	4x5120	1x5120	torch.bfloat16	torch.bfloat16	false	5038	5120	93.25711822509766	11.628117561340332	not_zero	0.12468879354896188	0.5859375	0	0
0	diagnostic-B4	27	ffn_norm_in	4x5120	1x5120	torch.bfloat16	torch.bfloat16	false	5058	5120	102.74480438232422	15.885998725891113	not_zero	0.15461607836419292	0.8359375	0	0
0	diagnostic-B4	27	ffn_norm_out	4x5120	1x5120	torch.bfloat16	torch.bfloat16	false	5064	5120	33.24016571044922	4.8958740234375	not_zero	0.14728789459369201	0.25048828125	0	0
0	diagnostic-B4	27	ffn_in	4x5120	1x5120	torch.bfloat16	torch.bfloat16	false	5064	5120	33.24016571044922	4.8958740234375	not_zero	0.14728789459369201	0.25048828125	0	0
0	diagnostic-B4	27	ffn_out	4x5120	1x5120	torch.bfloat16	torch.bfloat16	false	5051	5120	30.394908905029297	5.256597995758057	not_zero	0.17294337062113296	0.27734375	0	0
0	diagnostic-B4	28	layer_entry	4x5120	1x5120	torch.bfloat16	torch.bfloat16	false	5051	5120	30.394908905029297	5.256597995758057	not_zero	0.17294337062113296	0.27734375	0	0
0	diagnostic-B4	28	attn_norm_in	4x5120	1x5120	torch.bfloat16	torch.bfloat16	false	5064	5120	149.22076416015625	21.058698654174805	not_zero	0.14112445256997103	1.171875	0	0
0	diagnostic-B4	28	attn_norm_out	4x5120	1x5120	torch.bfloat16	torch.bfloat16	false	5050	5120	2.7176570892333984	0.37421125173568726	not_zero	0.13769627272631568	0.018310546875	0	0
0	diagnostic-B4	28	attn_in	4x5120	1x5120	torch.bfloat16	torch.bfloat16	false	5050	5120	2.7176570892333984	0.37421125173568726	not_zero	0.13769627272631568	0.018310546875	0	0
0	diagnostic-B4	28	attn_out	4x5120	1x5120	torch.bfloat16	torch.bfloat16	false	4994	5120	80.05419158935547	7.184680461883545	not_zero	0.08974771113470174	0.36328125	0	0
0	diagnostic-B4	28	ffn_norm_in	4x5120	1x5120	torch.bfloat16	torch.bfloat16	false	5049	5120	106.3907699584961	13.310029029846191	not_zero	0.12510511048128087	0.796875	0	0
0	diagnostic-B4	28	ffn_norm_out	4x5120	1x5120	torch.bfloat16	torch.bfloat16	false	5046	5120	35.60149002075195	4.155942440032959	not_zero	0.11673507029089171	0.22265625	0	0
0	diagnostic-B4	28	ffn_in	4x5120	1x5120	torch.bfloat16	torch.bfloat16	false	5046	5120	35.60149002075195	4.155942440032959	not_zero	0.11673507029089171	0.22265625	0	0
0	diagnostic-B4	28	ffn_out	4x5120	1x5120	torch.bfloat16	torch.bfloat16	false	5070	5120	41.621639251708984	6.32967472076416	not_zero	0.1520765360173618	0.328125	0	0
0	diagnostic-B4	29	layer_entry	4x5120	1x5120	torch.bfloat16	torch.bfloat16	false	5070	5120	41.621639251708984	6.32967472076416	not_zero	0.1520765360173618	0.328125	0	0
0	diagnostic-B4	29	attn_norm_in	4x5120	1x5120	torch.bfloat16	torch.bfloat16	false	5049	5120	90.0519790649414	10.148736953735352	not_zero	0.11269865536676926	0.625	0	0
0	diagnostic-B4	29	attn_norm_out	4x5120	1x5120	torch.bfloat16	torch.bfloat16	false	5030	5120	2.510981559753418	0.25655853748321533	not_zero	0.10217460040145009	0.013214111328125	0	0
0	diagnostic-B4	29	attn_in	4x5120	1x5120	torch.bfloat16	torch.bfloat16	false	5030	5120	2.510981559753418	0.25655853748321533	not_zero	0.10217460040145009	0.013214111328125	0	0
0	diagnostic-B4	29	attn_out	4x5120	1x5120	torch.bfloat16	torch.bfloat16	false	5005	5120	56.74549102783203	4.92958402633667	not_zero	0.0868718190123485	0.3046875	0	0
0	diagnostic-B4	29	ffn_norm_in	4x5120	1x5120	torch.bfloat16	torch.bfloat16	false	5068	5120	124.5405502319336	16.21744728088379	not_zero	0.13021820805096662	1.03125	0	0
0	diagnostic-B4	29	ffn_norm_out	4x5120	1x5120	torch.bfloat16	torch.bfloat16	false	5037	5120	35.246070861816406	3.969886302947998	not_zero	0.11263344270378653	0.205078125	0	0
0	diagnostic-B4	29	ffn_in	4x5120	1x5120	torch.bfloat16	torch.bfloat16	false	5037	5120	35.246070861816406	3.969886302947998	not_zero	0.11263344270378653	0.205078125	0	0
0	diagnostic-B4	29	ffn_out	4x5120	1x5120	torch.bfloat16	torch.bfloat16	false	5064	5120	34.38181686401367	5.4312615394592285	not_zero	0.15796900905326947	0.3037109375	0	0
0	diagnostic-B4	30	layer_entry	4x5120	1x5120	torch.bfloat16	torch.bfloat16	false	5064	5120	34.38181686401367	5.4312615394592285	not_zero	0.15796900905326947	0.3037109375	0	0
0	diagnostic-B4	30	attn_norm_in	4x5120	1x5120	torch.bfloat16	torch.bfloat16	false	5048	5120	64.21881103515625	6.513739585876465	not_zero	0.10143039836583945	0.3359375	0	0
0	diagnostic-B4	30	attn_norm_out	4x5120	1x5120	torch.bfloat16	torch.bfloat16	false	5014	5120	2.3298394680023193	0.19271419942378998	not_zero	0.08271565576534311	0.009033203125	0	0
0	diagnostic-B4	30	attn_in	4x5120	1x5120	torch.bfloat16	torch.bfloat16	false	5014	5120	2.3298394680023193	0.19271419942378998	not_zero	0.08271565576534311	0.009033203125	0	0
0	diagnostic-B4	30	attn_out	4x5120	1x5120	torch.bfloat16	torch.bfloat16	false	5011	5120	38.48366165161133	3.2585089206695557	not_zero	0.08467252805017633	0.16021728515625	0	0
0	diagnostic-B4	30	ffn_norm_in	4x5120	1x5120	torch.bfloat16	torch.bfloat16	false	5064	5120	159.2675323486328	20.149803161621094	not_zero	0.12651544771544307	1.171875	0	0
0	diagnostic-B4	30	ffn_norm_out	4x5120	1x5120	torch.bfloat16	torch.bfloat16	false	5032	5120	34.7339973449707	4.016075611114502	not_zero	0.11562376685953217	0.2294921875	0	0
0	diagnostic-B4	30	ffn_in	4x5120	1x5120	torch.bfloat16	torch.bfloat16	false	5032	5120	34.7339973449707	4.016075611114502	not_zero	0.11562376685953217	0.2294921875	0	0
0	diagnostic-B4	30	ffn_out	4x5120	1x5120	torch.bfloat16	torch.bfloat16	false	5049	5120	24.688350677490234	3.6394224166870117	not_zero	0.1474145626101009	0.212890625	0	0
0	diagnostic-B4	31	layer_entry	4x5120	1x5120	torch.bfloat16	torch.bfloat16	false	5049	5120	24.688350677490234	3.6394224166870117	not_zero	0.1474145626101009	0.212890625	0	0
0	diagnostic-B4	31	attn_norm_in	4x5120	1x5120	torch.bfloat16	torch.bfloat16	false	5062	5120	95.83209991455078	10.854135513305664	not_zero	0.11326200222038141	0.5625	0	0
0	diagnostic-B4	31	attn_norm_out	4x5120	1x5120	torch.bfloat16	torch.bfloat16	false	5037	5120	2.4496850967407227	0.24373717606067657	not_zero	0.0994973502451258	0.01336669921875	0	0
0	diagnostic-B4	31	attn_in	4x5120	1x5120	torch.bfloat16	torch.bfloat16	false	5037	5120	2.4496850967407227	0.24373717606067657	not_zero	0.0994973502451258	0.01336669921875	0	0
0	diagnostic-B4	31	attn_out	4x5120	1x5120	torch.bfloat16	torch.bfloat16	false	4991	5120	61.61684799194336	4.848829746246338	not_zero	0.07869324550454676	0.29296875	0	0
0	diagnostic-B4	31	ffn_norm_in	4x5120	1x5120	torch.bfloat16	torch.bfloat16	false	5081	5120	144.6006622314453	18.942752838134766	not_zero	0.1310004570229099	1.0625	0	0
0	diagnostic-B4	31	ffn_norm_out	4x5120	1x5120	torch.bfloat16	torch.bfloat16	false	5039	5120	35.378746032714844	3.9965908527374268	not_zero	0.11296587078133764	0.232421875	0	0
0	diagnostic-B4	31	ffn_in	4x5120	1x5120	torch.bfloat16	torch.bfloat16	false	5039	5120	35.378746032714844	3.9965908527374268	not_zero	0.11296587078133764	0.232421875	0	0
0	diagnostic-B4	31	ffn_out	4x5120	1x5120	torch.bfloat16	torch.bfloat16	false	5022	5120	35.6317024230957	4.2258620262146	not_zero	0.11859837557117357	0.23486328125	0	0
0	diagnostic-B4	32	layer_entry	4x5120	1x5120	torch.bfloat16	torch.bfloat16	false	5022	5120	35.6317024230957	4.2258620262146	not_zero	0.11859837557117357	0.23486328125	0	0
0	diagnostic-B4	32	attn_norm_in	4x5120	1x5120	torch.bfloat16	torch.bfloat16	false	5047	5120	107.29960632324219	10.65220832824707	not_zero	0.0992753719539015	0.53125	0	0
0	diagnostic-B4	32	attn_norm_out	4x5120	1x5120	torch.bfloat16	torch.bfloat16	false	5004	5120	2.3818535804748535	0.22284100949764252	not_zero	0.09355781200170006	0.010837554931640625	0	0
0	diagnostic-B4	32	attn_in	4x5120	1x5120	torch.bfloat16	torch.bfloat16	false	5004	5120	2.3818535804748535	0.22284100949764252	not_zero	0.09355781200170006	0.010837554931640625	0	0
0	diagnostic-B4	32	attn_out	4x5120	1x5120	torch.bfloat16	torch.bfloat16	false	4987	5120	58.55453109741211	4.569955825805664	not_zero	0.07804615185463656	0.21484375	0	0
0	diagnostic-B4	32	ffn_norm_in	4x5120	1x5120	torch.bfloat16	torch.bfloat16	false	5054	5120	152.31626892089844	17.82329559326172	not_zero	0.11701504848781316	0.90625	0	0
0	diagnostic-B4	32	ffn_norm_out	4x5120	1x5120	torch.bfloat16	torch.bfloat16	false	5022	5120	34.14111328125	3.3678767681121826	not_zero	0.09864578053937659	0.17236328125	0	0
0	diagnostic-B4	32	ffn_in	4x5120	1x5120	torch.bfloat16	torch.bfloat16	false	5022	5120	34.14111328125	3.3678767681121826	not_zero	0.09864578053937659	0.17236328125	0	0
0	diagnostic-B4	32	ffn_out	4x5120	1x5120	torch.bfloat16	torch.bfloat16	false	5042	5120	38.67354965209961	4.655932903289795	not_zero	0.12039062731954375	0.2255859375	0	0
0	diagnostic-B4	33	layer_entry	4x5120	1x5120	torch.bfloat16	torch.bfloat16	false	5042	5120	38.67354965209961	4.655932903289795	not_zero	0.12039062731954375	0.2255859375	0	0
0	diagnostic-B4	33	attn_norm_in	4x5120	1x5120	torch.bfloat16	torch.bfloat16	false	5030	5120	93.1196517944336	10.263081550598145	not_zero	0.1102139167493283	0.484375	0	0
0	diagnostic-B4	33	attn_norm_out	4x5120	1x5120	torch.bfloat16	torch.bfloat16	false	5022	5120	1.9219491481781006	0.1731550097465515	not_zero	0.09009343973054267	0.00830078125	0	0
0	diagnostic-B4	33	attn_in	4x5120	1x5120	torch.bfloat16	torch.bfloat16	false	5022	5120	1.9219491481781006	0.1731550097465515	not_zero	0.09009343973054267	0.00830078125	0	0
0	diagnostic-B4	33	attn_out	4x5120	1x5120	torch.bfloat16	torch.bfloat16	false	4946	5120	44.46729278564453	2.5459964275360107	not_zero	0.05725548528013696	0.1552734375	0	0
0	diagnostic-B4	33	ffn_norm_in	4x5120	1x5120	torch.bfloat16	torch.bfloat16	false	5032	5120	145.4005889892578	14.505047798156738	not_zero	0.09975920936075693	0.734375	0	0
0	diagnostic-B4	33	ffn_norm_out	4x5120	1x5120	torch.bfloat16	torch.bfloat16	false	5016	5120	34.976043701171875	3.3056817054748535	not_zero	0.09451273945440823	0.167236328125	0	0
0	diagnostic-B4	33	ffn_in	4x5120	1x5120	torch.bfloat16	torch.bfloat16	false	5016	5120	34.976043701171875	3.3056817054748535	not_zero	0.09451273945440823	0.167236328125	0	0
0	diagnostic-B4	33	ffn_out	4x5120	1x5120	torch.bfloat16	torch.bfloat16	false	5038	5120	28.736663818359375	3.5409018993377686	not_zero	0.12321896242790527	0.1943359375	0	0
0	diagnostic-B4	34	layer_entry	4x5120	1x5120	torch.bfloat16	torch.bfloat16	false	5038	5120	28.736663818359375	3.5409018993377686	not_zero	0.12321896242790527	0.1943359375	0	0
0	diagnostic-B4	34	attn_norm_in	4x5120	1x5120	torch.bfloat16	torch.bfloat16	false	5018	5120	207.42709350585938	17.08448600769043	not_zero	0.08236381139481101	0.78125	0	0
0	diagnostic-B4	34	attn_norm_out	4x5120	1x5120	torch.bfloat16	torch.bfloat16	false	5010	5120	1.897071123123169	0.1553666740655899	not_zero	0.08189818092313168	0.00732421875	0	0
0	diagnostic-B4	34	attn_in	4x5120	1x5120	torch.bfloat16	torch.bfloat16	false	5010	5120	1.897071123123169	0.1553666740655899	not_zero	0.08189818092313168	0.00732421875	0	0
0	diagnostic-B4	34	attn_out	4x5120	1x5120	torch.bfloat16	torch.bfloat16	false	5001	5120	63.11051940917969	4.68371057510376	not_zero	0.07421441970294566	0.24609375	0	0
0	diagnostic-B4	34	ffn_norm_in	4x5120	1x5120	torch.bfloat16	torch.bfloat16	false	5027	5120	158.66091918945312	15.897196769714355	not_zero	0.10019604607692902	0.75	0	0
0	diagnostic-B4	34	ffn_norm_out	4x5120	1x5120	torch.bfloat16	torch.bfloat16	false	5014	5120	34.863285064697266	3.36796498298645	not_zero	0.09660492339538215	0.171875	0	0
0	diagnostic-B4	34	ffn_in	4x5120	1x5120	torch.bfloat16	torch.bfloat16	false	5014	5120	34.863285064697266	3.36796498298645	not_zero	0.09660492339538215	0.171875	0	0
0	diagnostic-B4	34	ffn_out	4x5120	1x5120	torch.bfloat16	torch.bfloat16	false	5036	5120	28.415739059448242	3.4908554553985596	not_zero	0.12284936344943839	0.19140625	0	0
0	diagnostic-B4	35	layer_entry	4x5120	1x5120	torch.bfloat16	torch.bfloat16	false	5036	5120	28.415739059448242	3.4908554553985596	not_zero	0.12284936344943839	0.19140625	0	0
0	diagnostic-B4	35	attn_norm_in	4x5120	1x5120	torch.bfloat16	torch.bfloat16	false	4990	5120	179.7624053955078	14.817480087280273	not_zero	0.0824281364876004	0.73828125	0	0
0	diagnostic-B4	35	attn_norm_out	4x5120	1x5120	torch.bfloat16	torch.bfloat16	false	5006	5120	2.015408515930176	0.16610704362392426	not_zero	0.08241854805662589	0.0087890625	0	0
0	diagnostic-B4	35	attn_in	4x5120	1x5120	torch.bfloat16	torch.bfloat16	false	5006	5120	2.015408515930176	0.16610704362392426	not_zero	0.08241854805662589	0.0087890625	0	0
0	diagnostic-B4	35	attn_out	4x5120	1x5120	torch.bfloat16	torch.bfloat16	false	4957	5120	56.52774429321289	3.362658739089966	not_zero	0.059486872882237224	0.1953125	0	0
0	diagnostic-B4	35	ffn_norm_in	4x5120	1x5120	torch.bfloat16	torch.bfloat16	false	5045	5120	162.5365447998047	17.862581253051758	not_zero	0.10989886166863579	0.890625	0	0
0	diagnostic-B4	35	ffn_norm_out	4x5120	1x5120	torch.bfloat16	torch.bfloat16	false	5017	5120	41.223365783691406	4.004551887512207	not_zero	0.09714276870367701	0.1923828125	0	0
0	diagnostic-B4	35	ffn_in	4x5120	1x5120	torch.bfloat16	torch.bfloat16	false	5017	5120	41.223365783691406	4.004551887512207	not_zero	0.09714276870367701	0.1923828125	0	0
0	diagnostic-B4	35	ffn_out	4x5120	1x5120	torch.bfloat16	torch.bfloat16	false	5019	5120	41.217185974121094	4.778120517730713	not_zero	0.11592544238053361	0.23828125	0	0
0	diagnostic-B4	36	layer_entry	4x5120	1x5120	torch.bfloat16	torch.bfloat16	false	5019	5120	41.217185974121094	4.778120517730713	not_zero	0.11592544238053361	0.23828125	0	0
0	diagnostic-B4	36	attn_norm_in	4x5120	1x5120	torch.bfloat16	torch.bfloat16	false	5035	5120	161.6715087890625	14.850545883178711	not_zero	0.0918562954871328	0.84375	0	0
0	diagnostic-B4	36	attn_norm_out	4x5120	1x5120	torch.bfloat16	torch.bfloat16	false	5033	5120	2.838320016860962	0.259889155626297	not_zero	0.09156443039630226	0.01416015625	0	0
0	diagnostic-B4	36	attn_in	4x5120	1x5120	torch.bfloat16	torch.bfloat16	false	5033	5120	2.838320016860962	0.259889155626297	not_zero	0.09156443039630226	0.01416015625	0	0
0	diagnostic-B4	36	attn_out	4x5120	1x5120	torch.bfloat16	torch.bfloat16	false	4979	5120	73.48359680175781	5.037559986114502	not_zero	0.06855353038453879	0.25	0	0
0	diagnostic-B4	36	ffn_norm_in	4x5120	1x5120	torch.bfloat16	torch.bfloat16	false	5038	5120	189.4661407470703	18.86701774597168	not_zero	0.09957989153934575	1.25	0	0
0	diagnostic-B4	36	ffn_norm_out	4x5120	1x5120	torch.bfloat16	torch.bfloat16	false	4998	5120	39.71976089477539	3.578293800354004	not_zero	0.09008850304596575	0.18310546875	0	0
0	diagnostic-B4	36	ffn_in	4x5120	1x5120	torch.bfloat16	torch.bfloat16	false	4998	5120	39.71976089477539	3.578293800354004	not_zero	0.09008850304596575	0.18310546875	0	0
0	diagnostic-B4	36	ffn_out	4x5120	1x5120	torch.bfloat16	torch.bfloat16	false	5022	5120	32.76913070678711	3.8425896167755127	not_zero	0.1172624825222977	0.2021484375	0	0
0	diagnostic-B4	37	layer_entry	4x5120	1x5120	torch.bfloat16	torch.bfloat16	false	5022	5120	32.76913070678711	3.8425896167755127	not_zero	0.1172624825222977	0.2021484375	0	0
0	diagnostic-B4	37	attn_norm_in	4x5120	1x5120	torch.bfloat16	torch.bfloat16	false	5008	5120	172.26414489746094	14.347673416137695	not_zero	0.08328879712419582	0.70703125	0	0
0	diagnostic-B4	37	attn_norm_out	4x5120	1x5120	torch.bfloat16	torch.bfloat16	false	5000	5120	3.0593395233154297	0.2558608055114746	not_zero	0.08363269377639926	0.01324462890625	0	0
0	diagnostic-B4	37	attn_in	4x5120	1x5120	torch.bfloat16	torch.bfloat16	false	5000	5120	3.0593395233154297	0.2558608055114746	not_zero	0.08363269377639926	0.01324462890625	0	0
0	diagnostic-B4	37	attn_out	4x5120	1x5120	torch.bfloat16	torch.bfloat16	false	5024	5120	54.224857330322266	5.186276435852051	not_zero	0.09564389269405991	0.296875	0	0
0	diagnostic-B4	37	ffn_norm_in	4x5120	1x5120	torch.bfloat16	torch.bfloat16	false	5032	5120	193.47213745117188	18.055585861206055	not_zero	0.09332395919677523	1.09375	0	0
0	diagnostic-B4	37	ffn_norm_out	4x5120	1x5120	torch.bfloat16	torch.bfloat16	false	5016	5120	40.0148811340332	3.5563275814056396	not_zero	0.08887512546878303	0.1826171875	0	0
0	diagnostic-B4	37	ffn_in	4x5120	1x5120	torch.bfloat16	torch.bfloat16	false	5016	5120	40.0148811340332	3.5563275814056396	not_zero	0.08887512546878303	0.1826171875	0	0
0	diagnostic-B4	37	ffn_out	4x5120	1x5120	torch.bfloat16	torch.bfloat16	false	5028	5120	45.48237991333008	5.050629615783691	not_zero	0.11104585172121659	0.267578125	0	0
0	diagnostic-B4	38	layer_entry	4x5120	1x5120	torch.bfloat16	torch.bfloat16	false	5028	5120	45.48237991333008	5.050629615783691	not_zero	0.11104585172121659	0.267578125	0	0
0	diagnostic-B4	38	attn_norm_in	4x5120	1x5120	torch.bfloat16	torch.bfloat16	false	5029	5120	223.96275329589844	18.104122161865234	not_zero	0.08083541524400784	0.875	0	0
0	diagnostic-B4	38	attn_norm_out	4x5120	1x5120	torch.bfloat16	torch.bfloat16	false	5012	5120	2.269603729248047	0.18084263801574707	not_zero	0.07968027003359873	0.0087890625	0	0
0	diagnostic-B4	38	attn_in	4x5120	1x5120	torch.bfloat16	torch.bfloat16	false	5012	5120	2.269603729248047	0.18084263801574707	not_zero	0.07968027003359873	0.0087890625	0	0
0	diagnostic-B4	38	attn_out	4x5120	1x5120	torch.bfloat16	torch.bfloat16	false	4907	5120	45.27104568481445	2.154804229736328	not_zero	0.047597845314607506	0.111328125	0	0
0	diagnostic-B4	38	ffn_norm_in	4x5120	1x5120	torch.bfloat16	torch.bfloat16	false	5025	5120	197.23837280273438	17.55364227294922	not_zero	0.0889970953598633	0.875	0	0
0	diagnostic-B4	38	ffn_norm_out	4x5120	1x5120	torch.bfloat16	torch.bfloat16	false	5024	5120	38.14085388183594	3.3470945358276367	not_zero	0.0877561510866343	0.16796875	0	0
0	diagnostic-B4	38	ffn_in	4x5120	1x5120	torch.bfloat16	torch.bfloat16	false	5024	5120	38.14085388183594	3.3470945358276367	not_zero	0.0877561510866343	0.16796875	0	0
0	diagnostic-B4	38	ffn_out	4x5120	1x5120	torch.bfloat16	torch.bfloat16	false	4946	5120	91.96285247802734	5.810003757476807	not_zero	0.06317772449332179	0.2724609375	0	0
0	diagnostic-B4	39	layer_entry	4x5120	1x5120	torch.bfloat16	torch.bfloat16	false	4946	5120	91.96285247802734	5.810003757476807	not_zero	0.06317772449332179	0.2724609375	0	0
0	diagnostic-B4	39	attn_norm_in	4x5120	1x5120	torch.bfloat16	torch.bfloat16	false	4999	5120	247.4531707763672	19.091094970703125	not_zero	0.07715033479185632	1.09375	0	0
0	diagnostic-B4	39	attn_norm_out	4x5120	1x5120	torch.bfloat16	torch.bfloat16	false	5016	5120	1.8853036165237427	0.14548704028129578	not_zero	0.07716902413286363	0.00860595703125	0	0
0	diagnostic-B4	39	attn_in	4x5120	1x5120	torch.bfloat16	torch.bfloat16	false	5016	5120	1.8853036165237427	0.14548704028129578	not_zero	0.07716902413286363	0.00860595703125	0	0
0	diagnostic-B4	39	attn_out	4x5120	1x5120	torch.bfloat16	torch.bfloat16	false	4815	5120	138.78292846679688	4.4933552742004395	not_zero	0.032376858766713895	0.375	0	0
0	diagnostic-B4	39	ffn_norm_in	4x5120	1x5120	torch.bfloat16	torch.bfloat16	false	5029	5120	211.62123107910156	18.410730361938477	not_zero	0.08699850326008528	0.9765625	0	0
0	diagnostic-B4	39	ffn_norm_out	4x5120	1x5120	torch.bfloat16	torch.bfloat16	false	5014	5120	34.13896942138672	2.916391611099243	not_zero	0.08542705478602523	0.15869140625	0	0
0	diagnostic-B4	39	ffn_in	4x5120	1x5120	torch.bfloat16	torch.bfloat16	false	5014	5120	34.13896942138672	2.916391611099243	not_zero	0.08542705478602523	0.15869140625	0	0
0	diagnostic-B4	39	ffn_out	4x5120	1x5120	torch.bfloat16	torch.bfloat16	false	4986	5120	96.3650131225586	6.892132759094238	not_zero	0.07152111057494188	1.75	0	0
1	diagnostic-B2	0	layer_entry	2x5120	1x5120	torch.bfloat16	torch.bfloat16	true	0	5120	10.023543357849121	0.0	not_zero	0.0	0.0	0	0
1	diagnostic-B2	0	attn_norm_in	2x5120	1x5120	torch.bfloat16	torch.bfloat16	true	0	5120	10.023543357849121	0.0	not_zero	0.0	0.0	0	0
1	diagnostic-B2	0	attn_norm_out	2x5120	1x5120	torch.bfloat16	torch.bfloat16	true	0	5120	1.4394901990890503	0.0	not_zero	0.0	0.0	0	0
1	diagnostic-B2	0	attn_in	2x5120	1x5120	torch.bfloat16	torch.bfloat16	true	0	5120	1.4394901990890503	0.0	not_zero	0.0	0.0	0	0
1	diagnostic-B2	0	attn_out	2x5120	1x5120	torch.bfloat16	torch.bfloat16	true	0	5120	54.067481994628906	0.0	not_zero	0.0	0.0	0	0
1	diagnostic-B2	0	ffn_norm_in	2x5120	1x5120	torch.bfloat16	torch.bfloat16	true	0	5120	19.526836395263672	0.0	not_zero	0.0	0.0	0	0
1	diagnostic-B2	0	ffn_norm_out	2x5120	1x5120	torch.bfloat16	torch.bfloat16	true	0	5120	8.996875762939453	0.0	not_zero	0.0	0.0	0	0
1	diagnostic-B2	0	ffn_in	2x5120	1x5120	torch.bfloat16	torch.bfloat16	true	0	5120	8.996875762939453	0.0	not_zero	0.0	0.0	0	0
1	diagnostic-B2	0	ffn_out	2x5120	1x5120	torch.bfloat16	torch.bfloat16	false	3766	5120	8.766240119934082	0.059798501431941986	not_zero	0.006821453737727599	0.0078125	0	0
1	diagnostic-B2	1	layer_entry	2x5120	1x5120	torch.bfloat16	torch.bfloat16	false	3766	5120	8.766240119934082	0.059798501431941986	not_zero	0.006821453737727599	0.0078125	0	0
1	diagnostic-B2	1	attn_norm_in	2x5120	1x5120	torch.bfloat16	torch.bfloat16	false	2686	5120	14.400200843811035	0.05809938162565231	not_zero	0.0040346230067077465	0.0078125	0	0
1	diagnostic-B2	1	attn_norm_out	2x5120	1x5120	torch.bfloat16	torch.bfloat16	false	2906	5120	1.5649936199188232	0.006939462386071682	not_zero	0.0044341793460037455	0.00048828125	0	0
1	diagnostic-B2	1	attn_in	2x5120	1x5120	torch.bfloat16	torch.bfloat16	false	2906	5120	1.5649936199188232	0.006939462386071682	not_zero	0.0044341793460037455	0.00048828125	0	0
1	diagnostic-B2	1	attn_out	2x5120	1x5120	torch.bfloat16	torch.bfloat16	false	3816	5120	34.456581115722656	0.25625285506248474	not_zero	0.007436978561565868	0.03125	0	0
1	diagnostic-B2	1	ffn_norm_in	2x5120	1x5120	torch.bfloat16	torch.bfloat16	false	3133	5120	30.5642032623291	0.1455073207616806	not_zero	0.004760710413839605	0.0224609375	0	0
1	diagnostic-B2	1	ffn_norm_out	2x5120	1x5120	torch.bfloat16	torch.bfloat16	false	3406	5120	9.398193359375	0.048843465745449066	not_zero	0.005197112240378215	0.00390625	0	0
1	diagnostic-B2	1	ffn_in	2x5120	1x5120	torch.bfloat16	torch.bfloat16	false	3406	5120	9.398193359375	0.048843465745449066	not_zero	0.005197112240378215	0.00390625	0	0
1	diagnostic-B2	1	ffn_out	2x5120	1x5120	torch.bfloat16	torch.bfloat16	false	4139	5120	5.771538734436035	0.06006960570812225	not_zero	0.010407901336556124	0.00390625	0	0
1	diagnostic-B2	2	layer_entry	2x5120	1x5120	torch.bfloat16	torch.bfloat16	false	4139	5120	5.771538734436035	0.06006960570812225	not_zero	0.010407901336556124	0.00390625	0	0
1	diagnostic-B2	2	attn_norm_in	2x5120	1x5120	torch.bfloat16	torch.bfloat16	false	3749	5120	22.740814208984375	0.14253568649291992	not_zero	0.006267835671275452	0.017578125	0	0
1	diagnostic-B2	2	attn_norm_out	2x5120	1x5120	torch.bfloat16	torch.bfloat16	false	3866	5120	2.3065195083618164	0.014713788405060768	not_zero	0.006379216976799428	0.001953125	0	0
1	diagnostic-B2	2	attn_in	2x5120	1x5120	torch.bfloat16	torch.bfloat16	false	3866	5120	2.3065195083618164	0.014713788405060768	not_zero	0.006379216976799428	0.001953125	0	0
1	diagnostic-B2	2	attn_out	2x5120	1x5120	torch.bfloat16	torch.bfloat16	false	3962	5120	31.994749069213867	0.2843332290649414	not_zero	0.008886871669155668	0.015625	0	0
1	diagnostic-B2	2	ffn_norm_in	2x5120	1x5120	torch.bfloat16	torch.bfloat16	false	4001	5120	19.641082763671875	0.1573941558599472	not_zero	0.008013517266525818	0.015625	0	0
1	diagnostic-B2	2	ffn_norm_out	2x5120	1x5120	torch.bfloat16	torch.bfloat16	false	4069	5120	10.396515846252441	0.08554989844560623	not_zero	0.008228708512616157	0.005859375	0	0
1	diagnostic-B2	2	ffn_in	2x5120	1x5120	torch.bfloat16	torch.bfloat16	false	4069	5120	10.396515846252441	0.08554989844560623	not_zero	0.008228708512616157	0.005859375	0	0
1	diagnostic-B2	2	ffn_out	2x5120	1x5120	torch.bfloat16	torch.bfloat16	false	4490	5120	5.6896257400512695	0.08935512602329254	not_zero	0.015704921572308437	0.0078125	0	0
1	diagnostic-B2	3	layer_entry	2x5120	1x5120	torch.bfloat16	torch.bfloat16	false	4490	5120	5.6896257400512695	0.08935512602329254	not_zero	0.015704921572308437	0.0078125	0	0
1	diagnostic-B2	3	attn_norm_in	2x5120	1x5120	torch.bfloat16	torch.bfloat16	false	4087	5120	16.937992095947266	0.14676770567893982	not_zero	0.008665000246047863	0.009765625	0	0
1	diagnostic-B2	3	attn_norm_out	2x5120	1x5120	torch.bfloat16	torch.bfloat16	false	4228	5120	1.4959101676940918	0.012855172157287598	not_zero	0.008593545544986519	0.00091552734375	0	0
1	diagnostic-B2	3	attn_in	2x5120	1x5120	torch.bfloat16	torch.bfloat16	false	4228	5120	1.4959101676940918	0.012855172157287598	not_zero	0.008593545544986519	0.00091552734375	0	0
1	diagnostic-B2	3	attn_out	2x5120	1x5120	torch.bfloat16	torch.bfloat16	false	3796	5120	29.565189361572266	0.22743795812129974	not_zero	0.007692761759101572	0.015625	0	0
1	diagnostic-B2	3	ffn_norm_in	2x5120	1x5120	torch.bfloat16	torch.bfloat16	false	3957	5120	17.3911075592041	0.14121145009994507	not_zero	0.008119750258528536	0.01171875	0	0
1	diagnostic-B2	3	ffn_norm_out	2x5120	1x5120	torch.bfloat16	torch.bfloat16	false	4120	5120	11.72196102142334	0.09736881405115128	not_zero	0.00830652941715108	0.0078125	0	0
1	diagnostic-B2	3	ffn_in	2x5120	1x5120	torch.bfloat16	torch.bfloat16	false	4120	5120	11.72196102142334	0.09736881405115128	not_zero	0.00830652941715108	0.0078125	0	0
1	diagnostic-B2	3	ffn_out	2x5120	1x5120	torch.bfloat16	torch.bfloat16	false	4469	5120	5.971574306488037	0.09054368734359741	not_zero	0.015162448409161196	0.004150390625	0	0
1	diagnostic-B2	4	layer_entry	2x5120	1x5120	torch.bfloat16	torch.bfloat16	false	4469	5120	5.971574306488037	0.09054368734359741	not_zero	0.015162448409161196	0.004150390625	0	0
1	diagnostic-B2	4	attn_norm_in	2x5120	1x5120	torch.bfloat16	torch.bfloat16	false	4089	5120	19.116352081298828	0.17010058462619781	not_zero	0.008898171779991648	0.009765625	0	0
1	diagnostic-B2	4	attn_norm_out	2x5120	1x5120	torch.bfloat16	torch.bfloat16	false	4197	5120	1.5449882745742798	0.013835014775395393	not_zero	0.008954770080185638	0.0009765625	0	0
1	diagnostic-B2	4	attn_in	2x5120	1x5120	torch.bfloat16	torch.bfloat16	false	4197	5120	1.5449882745742798	0.013835014775395393	not_zero	0.008954770080185638	0.0009765625	0	0
1	diagnostic-B2	4	attn_out	2x5120	1x5120	torch.bfloat16	torch.bfloat16	false	3933	5120	31.927892684936523	0.2779444456100464	not_zero	0.008705380225146511	0.015625	0	0
1	diagnostic-B2	4	ffn_norm_in	2x5120	1x5120	torch.bfloat16	torch.bfloat16	false	4097	5120	23.699920654296875	0.20481276512145996	not_zero	0.008641917756139268	0.01171875	0	0
1	diagnostic-B2	4	ffn_norm_out	2x5120	1x5120	torch.bfloat16	torch.bfloat16	false	4191	5120	12.438974380493164	0.11090630292892456	not_zero	0.008916032748073519	0.00634765625	0	0
1	diagnostic-B2	4	ffn_in	2x5120	1x5120	torch.bfloat16	torch.bfloat16	false	4191	5120	12.438974380493164	0.11090630292892456	not_zero	0.008916032748073519	0.00634765625	0	0
1	diagnostic-B2	4	ffn_out	2x5120	1x5120	torch.bfloat16	torch.bfloat16	false	4546	5120	8.14199161529541	0.1319386065006256	not_zero	0.01620470920809694	0.0078125	0	0
1	diagnostic-B2	5	layer_entry	2x5120	1x5120	torch.bfloat16	torch.bfloat16	false	4546	5120	8.14199161529541	0.1319386065006256	not_zero	0.01620470920809694	0.0078125	0	0
1	diagnostic-B2	5	attn_norm_in	2x5120	1x5120	torch.bfloat16	torch.bfloat16	false	4266	5120	27.409902572631836	0.2942228317260742	not_zero	0.01073418013604503	0.015625	0	0
1	diagnostic-B2	5	attn_norm_out	2x5120	1x5120	torch.bfloat16	torch.bfloat16	false	4325	5120	1.6721417903900146	0.0171222947537899	not_zero	0.010239738550997074	0.0009765625	0	0
1	diagnostic-B2	5	attn_in	2x5120	1x5120	torch.bfloat16	torch.bfloat16	false	4325	5120	1.6721417903900146	0.0171222947537899	not_zero	0.010239738550997074	0.0009765625	0	0
1	diagnostic-B2	5	attn_out	2x5120	1x5120	torch.bfloat16	torch.bfloat16	false	4268	5120	27.721786499023438	0.3433650732040405	not_zero	0.012386109142574066	0.01953125	0	0
1	diagnostic-B2	5	ffn_norm_in	2x5120	1x5120	torch.bfloat16	torch.bfloat16	false	4280	5120	28.066465377807617	0.28982824087142944	not_zero	0.0103264959434685	0.01953125	0	0
1	diagnostic-B2	5	ffn_norm_out	2x5120	1x5120	torch.bfloat16	torch.bfloat16	false	4318	5120	13.02416706085205	0.135903999209404	not_zero	0.010434755525971659	0.0078125	0	0
1	diagnostic-B2	5	ffn_in	2x5120	1x5120	torch.bfloat16	torch.bfloat16	false	4318	5120	13.02416706085205	0.135903999209404	not_zero	0.010434755525971659	0.0078125	0	0
1	diagnostic-B2	5	ffn_out	2x5120	1x5120	torch.bfloat16	torch.bfloat16	false	4541	5120	7.068871021270752	0.1171267032623291	not_zero	0.016569364883004124	0.0078125	0	0
1	diagnostic-B2	6	layer_entry	2x5120	1x5120	torch.bfloat16	torch.bfloat16	false	4541	5120	7.068871021270752	0.1171267032623291	not_zero	0.016569364883004124	0.0078125	0	0
1	diagnostic-B2	6	attn_norm_in	2x5120	1x5120	torch.bfloat16	torch.bfloat16	false	4297	5120	25.0979061126709	0.29587239027023315	not_zero	0.011788728069265482	0.0234375	0	0
1	diagnostic-B2	6	attn_norm_out	2x5120	1x5120	torch.bfloat16	torch.bfloat16	false	4327	5120	1.6357624530792236	0.017941856756806374	not_zero	0.010968497732071009	0.0009765625	0	0
1	diagnostic-B2	6	attn_in	2x5120	1x5120	torch.bfloat16	torch.bfloat16	false	4327	5120	1.6357624530792236	0.017941856756806374	not_zero	0.010968497732071009	0.0009765625	0	0
1	diagnostic-B2	6	attn_out	2x5120	1x5120	torch.bfloat16	torch.bfloat16	false	4053	5120	33.20033264160156	0.3208478093147278	not_zero	0.009663993815311673	0.017578125	0	0
1	diagnostic-B2	6	ffn_norm_in	2x5120	1x5120	torch.bfloat16	torch.bfloat16	false	4239	5120	28.92302894592285	0.2982163727283478	not_zero	0.010310689564565332	0.015625	0	0
1	diagnostic-B2	6	ffn_norm_out	2x5120	1x5120	torch.bfloat16	torch.bfloat16	false	4257	5120	14.630702018737793	0.1507544368505478	not_zero	0.010303978350285172	0.0078125	0	0
1	diagnostic-B2	6	ffn_in	2x5120	1x5120	torch.bfloat16	torch.bfloat16	false	4257	5120	14.630702018737793	0.1507544368505478	not_zero	0.010303978350285172	0.0078125	0	0
1	diagnostic-B2	6	ffn_out	2x5120	1x5120	torch.bfloat16	torch.bfloat16	false	4616	5120	12.12454605102539	0.21962273120880127	not_zero	0.018113893112742762	0.015625	0	0
1	diagnostic-B2	7	layer_entry	2x5120	1x5120	torch.bfloat16	torch.bfloat16	false	4616	5120	12.12454605102539	0.21962273120880127	not_zero	0.018113893112742762	0.015625	0	0
1	diagnostic-B2	7	attn_norm_in	2x5120	1x5120	torch.bfloat16	torch.bfloat16	false	4391	5120	32.34659957885742	0.43422970175743103	not_zero	0.013424276660018844	0.03125	0	0
1	diagnostic-B2	7	attn_norm_out	2x5120	1x5120	torch.bfloat16	torch.bfloat16	false	4445	5120	1.6963090896606445	0.020942814648151398	not_zero	0.012346107661511804	0.00146484375	0	0
1	diagnostic-B2	7	attn_in	2x5120	1x5120	torch.bfloat16	torch.bfloat16	false	4445	5120	1.6963090896606445	0.020942814648151398	not_zero	0.012346107661511804	0.00146484375	0	0
1	diagnostic-B2	7	attn_out	2x5120	1x5120	torch.bfloat16	torch.bfloat16	false	4387	5120	26.391679763793945	0.3784204125404358	not_zero	0.01433862550346571	0.01953125	0	0
1	diagnostic-B2	7	ffn_norm_in	2x5120	1x5120	torch.bfloat16	torch.bfloat16	false	4431	5120	27.094926834106445	0.31692394614219666	not_zero	0.01169680021956215	0.0234375	0	0
1	diagnostic-B2	7	ffn_norm_out	2x5120	1x5120	torch.bfloat16	torch.bfloat16	false	4444	5120	16.908466339111328	0.1996847242116928	not_zero	0.011809747862808698	0.01171875	0	0
1	diagnostic-B2	7	ffn_in	2x5120	1x5120	torch.bfloat16	torch.bfloat16	false	4444	5120	16.908466339111328	0.1996847242116928	not_zero	0.011809747862808698	0.01171875	0	0
1	diagnostic-B2	7	ffn_out	2x5120	1x5120	torch.bfloat16	torch.bfloat16	false	4569	5120	13.419835090637207	0.23678633570671082	not_zero	0.017644504131940686	0.0126953125	0	0
1	diagnostic-B2	8	layer_entry	2x5120	1x5120	torch.bfloat16	torch.bfloat16	false	4569	5120	13.419835090637207	0.23678633570671082	not_zero	0.017644504131940686	0.0126953125	0	0
1	diagnostic-B2	8	attn_norm_in	2x5120	1x5120	torch.bfloat16	torch.bfloat16	false	4415	5120	39.79330062866211	0.478594571352005	not_zero	0.01202701368800972	0.03125	0	0
1	diagnostic-B2	8	attn_norm_out	2x5120	1x5120	torch.bfloat16	torch.bfloat16	false	4362	5120	3.7556095123291016	0.04689573124051094	not_zero	0.012486849627619513	0.03125	0	0
1	diagnostic-B2	8	attn_in	2x5120	1x5120	torch.bfloat16	torch.bfloat16	false	4362	5120	3.7556095123291016	0.04689573124051094	not_zero	0.012486849627619513	0.03125	0	0
1	diagnostic-B2	8	attn_out	2x5120	1x5120	torch.bfloat16	torch.bfloat16	false	4091	5120	49.9599494934082	0.4949744641780853	not_zero	0.009907425231552587	0.03125	0	0
1	diagnostic-B2	8	ffn_norm_in	2x5120	1x5120	torch.bfloat16	torch.bfloat16	false	4398	5120	31.450969696044922	0.3637100160121918	not_zero	0.011564349828550109	0.0234375	0	0
1	diagnostic-B2	8	ffn_norm_out	2x5120	1x5120	torch.bfloat16	torch.bfloat16	false	4326	5120	15.656110763549805	0.17635424435138702	not_zero	0.011264243528601682	0.009765625	0	0
1	diagnostic-B2	8	ffn_in	2x5120	1x5120	torch.bfloat16	torch.bfloat16	false	4326	5120	15.656110763549805	0.17635424435138702	not_zero	0.011264243528601682	0.009765625	0	0
1	diagnostic-B2	8	ffn_out	2x5120	1x5120	torch.bfloat16	torch.bfloat16	false	4703	5120	10.29256820678711	0.21647696197032928	not_zero	0.02103235631973567	0.013671875	0	0
1	diagnostic-B2	9	layer_entry	2x5120	1x5120	torch.bfloat16	torch.bfloat16	false	4703	5120	10.29256820678711	0.21647696197032928	not_zero	0.02103235631973567	0.013671875	0	0
1	diagnostic-B2	9	attn_norm_in	2x5120	1x5120	torch.bfloat16	torch.bfloat16	false	4559	5120	28.068960189819336	0.40736106038093567	not_zero	0.01451286608503176	0.0234375	0	0
1	diagnostic-B2	9	attn_norm_out	2x5120	1x5120	torch.bfloat16	torch.bfloat16	false	4418	5120	1.8644509315490723	0.024247393012046814	not_zero	0.013005111908148183	0.001556396484375	0	0
1	diagnostic-B2	9	attn_in	2x5120	1x5120	torch.bfloat16	torch.bfloat16	false	4418	5120	1.8644509315490723	0.024247393012046814	not_zero	0.013005111908148183	0.001556396484375	0	0
1	diagnostic-B2	9	attn_out	2x5120	1x5120	torch.bfloat16	torch.bfloat16	false	4466	5120	44.96403503417969	0.7082379460334778	not_zero	0.01575120972784374	0.0390625	0	0
1	diagnostic-B2	9	ffn_norm_in	2x5120	1x5120	torch.bfloat16	torch.bfloat16	false	4482	5120	32.66891098022461	0.4173097610473633	not_zero	0.012773910991400123	0.0238037109375	0	0
1	diagnostic-B2	9	ffn_norm_out	2x5120	1x5120	torch.bfloat16	torch.bfloat16	false	4471	5120	16.351778030395508	0.21107736229896545	not_zero	0.012908526638913776	0.0119171142578125	0	0
1	diagnostic-B2	9	ffn_in	2x5120	1x5120	torch.bfloat16	torch.bfloat16	false	4471	5120	16.351778030395508	0.21107736229896545	not_zero	0.012908526638913776	0.0119171142578125	0	0
1	diagnostic-B2	9	ffn_out	2x5120	1x5120	torch.bfloat16	torch.bfloat16	false	4633	5120	11.581546783447266	0.23077161610126495	not_zero	0.019925802694255958	0.015625	0	0
1	diagnostic-B2	10	layer_entry	2x5120	1x5120	torch.bfloat16	torch.bfloat16	false	4633	5120	11.581546783447266	0.23077161610126495	not_zero	0.019925802694255958	0.015625	0	0
1	diagnostic-B2	10	attn_norm_in	2x5120	1x5120	torch.bfloat16	torch.bfloat16	false	4589	5120	35.719173431396484	0.5709219574928284	not_zero	0.01598362735322981	0.033935546875	0	0
1	diagnostic-B2	10	attn_norm_out	2x5120	1x5120	torch.bfloat16	torch.bfloat16	false	4485	5120	1.893085241317749	0.02678721956908703	not_zero	0.01415003349264972	0.0018157958984375	0	0
1	diagnostic-B2	10	attn_in	2x5120	1x5120	torch.bfloat16	torch.bfloat16	false	4485	5120	1.893085241317749	0.02678721956908703	not_zero	0.01415003349264972	0.0018157958984375	0	0
1	diagnostic-B2	10	attn_out	2x5120	1x5120	torch.bfloat16	torch.bfloat16	false	4383	5120	39.43046569824219	0.5850330591201782	not_zero	0.014837082158688758	0.03125	0	0
1	diagnostic-B2	10	ffn_norm_in	2x5120	1x5120	torch.bfloat16	torch.bfloat16	false	4571	5120	35.68378829956055	0.5416353344917297	not_zero	0.015178750920299572	0.03125	0	0
1	diagnostic-B2	10	ffn_norm_out	2x5120	1x5120	torch.bfloat16	torch.bfloat16	false	4522	5120	15.940790176391602	0.2262434959411621	not_zero	0.0141927403496114	0.0142822265625	0	0
1	diagnostic-B2	10	ffn_in	2x5120	1x5120	torch.bfloat16	torch.bfloat16	false	4522	5120	15.940790176391602	0.2262434959411621	not_zero	0.0141927403496114	0.0142822265625	0	0
1	diagnostic-B2	10	ffn_out	2x5120	1x5120	torch.bfloat16	torch.bfloat16	false	4664	5120	9.366169929504395	0.20701071619987488	not_zero	0.022101960327216563	0.01171875	0	0
1	diagnostic-B2	11	layer_entry	2x5120	1x5120	torch.bfloat16	torch.bfloat16	false	4664	5120	9.366169929504395	0.20701071619987488	not_zero	0.022101960327216563	0.01171875	0	0
1	diagnostic-B2	11	attn_norm_in	2x5120	1x5120	torch.bfloat16	torch.bfloat16	false	4554	5120	37.18736267089844	0.593153715133667	not_zero	0.01595041090660212	0.03125	0	0
1	diagnostic-B2	11	attn_norm_out	2x5120	1x5120	torch.bfloat16	torch.bfloat16	false	4492	5120	1.9248926639556885	0.02880352921783924	not_zero	0.01496370668203778	0.00146484375	0	0
1	diagnostic-B2	11	attn_in	2x5120	1x5120	torch.bfloat16	torch.bfloat16	false	4492	5120	1.9248926639556885	0.02880352921783924	not_zero	0.01496370668203778	0.00146484375	0	0
1	diagnostic-B2	11	attn_out	2x5120	1x5120	torch.bfloat16	torch.bfloat16	false	4474	5120	39.08633804321289	0.6162185072898865	not_zero	0.01576557278424524	0.03125	0	0
1	diagnostic-B2	11	ffn_norm_in	2x5120	1x5120	torch.bfloat16	torch.bfloat16	false	4528	5120	38.738407135009766	0.5888929963111877	not_zero	0.015201786543747091	0.03125	0	0
1	diagnostic-B2	11	ffn_norm_out	2x5120	1x5120	torch.bfloat16	torch.bfloat16	false	4502	5120	17.100210189819336	0.24447081983089447	not_zero	0.014296363443324278	0.013671875	0	0
1	diagnostic-B2	11	ffn_in	2x5120	1x5120	torch.bfloat16	torch.bfloat16	false	4502	5120	17.100210189819336	0.24447081983089447	not_zero	0.014296363443324278	0.013671875	0	0
1	diagnostic-B2	11	ffn_out	2x5120	1x5120	torch.bfloat16	torch.bfloat16	false	4642	5120	13.7267427444458	0.2792924642562866	not_zero	0.0203465941961574	0.017578125	0	0
1	diagnostic-B2	12	layer_entry	2x5120	1x5120	torch.bfloat16	torch.bfloat16	false	4642	5120	13.7267427444458	0.2792924642562866	not_zero	0.0203465941961574	0.017578125	0	0
1	diagnostic-B2	12	attn_norm_in	2x5120	1x5120	torch.bfloat16	torch.bfloat16	false	4536	5120	39.854732513427734	0.598151683807373	not_zero	0.015008297536706478	0.03125	0	0
1	diagnostic-B2	12	attn_norm_out	2x5120	1x5120	torch.bfloat16	torch.bfloat16	false	4641	5120	1.916431188583374	0.028771812096238136	not_zero	0.015013224720844926	0.00146484375	0	0
1	diagnostic-B2	12	attn_in	2x5120	1x5120	torch.bfloat16	torch.bfloat16	false	4641	5120	1.916431188583374	0.028771812096238136	not_zero	0.015013224720844926	0.00146484375	0	0
1	diagnostic-B2	12	attn_out	2x5120	1x5120	torch.bfloat16	torch.bfloat16	false	4556	5120	41.632877349853516	0.7854739427566528	not_zero	0.018866674435112436	0.0625	0	0
1	diagnostic-B2	12	ffn_norm_in	2x5120	1x5120	torch.bfloat16	torch.bfloat16	false	4602	5120	51.937034606933594	0.8242591619491577	not_zero	0.01587035471291846	0.046875	0	0
1	diagnostic-B2	12	ffn_norm_out	2x5120	1x5120	torch.bfloat16	torch.bfloat16	false	4497	5120	16.476173400878906	0.24404732882976532	not_zero	0.01481213646469312	0.01171875	0	0
1	diagnostic-B2	12	ffn_in	2x5120	1x5120	torch.bfloat16	torch.bfloat16	false	4497	5120	16.476173400878906	0.24404732882976532	not_zero	0.01481213646469312	0.01171875	0	0
1	diagnostic-B2	12	ffn_out	2x5120	1x5120	torch.bfloat16	torch.bfloat16	false	4677	5120	11.648482322692871	0.2557154595851898	not_zero	0.021952684693268613	0.013671875	0	0
1	diagnostic-B2	13	layer_entry	2x5120	1x5120	torch.bfloat16	torch.bfloat16	false	4677	5120	11.648482322692871	0.2557154595851898	not_zero	0.021952684693268613	0.013671875	0	0
1	diagnostic-B2	13	attn_norm_in	2x5120	1x5120	torch.bfloat16	torch.bfloat16	false	4508	5120	40.64252471923828	0.6026214361190796	not_zero	0.01482736223406482	0.03125	0	0
1	diagnostic-B2	13	attn_norm_out	2x5120	1x5120	torch.bfloat16	torch.bfloat16	false	4571	5120	1.6890618801116943	0.02472209371626377	not_zero	0.014636582594966235	0.001251220703125	0	0
1	diagnostic-B2	13	attn_in	2x5120	1x5120	torch.bfloat16	torch.bfloat16	false	4571	5120	1.6890618801116943	0.02472209371626377	not_zero	0.014636582594966235	0.001251220703125	0	0
1	diagnostic-B2	13	attn_out	2x5120	1x5120	torch.bfloat16	torch.bfloat16	false	4528	5120	35.86527633666992	0.6368982195854187	not_zero	0.017758073675685902	0.0361328125	0	0
1	diagnostic-B2	13	ffn_norm_in	2x5120	1x5120	torch.bfloat16	torch.bfloat16	false	4529	5120	24.704544067382812	0.3653588593006134	not_zero	0.014789135889497892	0.01953125	0	0
1	diagnostic-B2	13	ffn_norm_out	2x5120	1x5120	torch.bfloat16	torch.bfloat16	false	4547	5120	16.037534713745117	0.23893308639526367	not_zero	0.014898367527178841	0.013671875	0	0
1	diagnostic-B2	13	ffn_in	2x5120	1x5120	torch.bfloat16	torch.bfloat16	false	4547	5120	16.037534713745117	0.23893308639526367	not_zero	0.014898367527178841	0.013671875	0	0
1	diagnostic-B2	13	ffn_out	2x5120	1x5120	torch.bfloat16	torch.bfloat16	false	4649	5120	12.064126968383789	0.20495089888572693	not_zero	0.016988456721554537	0.03125	0	0
1	diagnostic-B2	14	layer_entry	2x5120	1x5120	torch.bfloat16	torch.bfloat16	false	4649	5120	12.064126968383789	0.20495089888572693	not_zero	0.016988456721554537	0.03125	0	0
1	diagnostic-B2	14	attn_norm_in	2x5120	1x5120	torch.bfloat16	torch.bfloat16	false	4578	5120	47.0048942565918	0.709404706954956	not_zero	0.01509214557706343	0.0625	0	0
1	diagnostic-B2	14	attn_norm_out	2x5120	1x5120	torch.bfloat16	torch.bfloat16	false	4528	5120	2.0860676765441895	0.03462786227464676	not_zero	0.01659958718693719	0.009765625	0	0
1	diagnostic-B2	14	attn_in	2x5120	1x5120	torch.bfloat16	torch.bfloat16	false	4528	5120	2.0860676765441895	0.03462786227464676	not_zero	0.01659958718693719	0.009765625	0	0
1	diagnostic-B2	14	attn_out	2x5120	1x5120	torch.bfloat16	torch.bfloat16	false	4344	5120	48.331180572509766	0.6186957955360413	not_zero	0.012801172828953168	0.0625	0	0
1	diagnostic-B2	14	ffn_norm_in	2x5120	1x5120	torch.bfloat16	torch.bfloat16	false	4588	5120	39.59080505371094	0.5890384912490845	not_zero	0.014878164019397037	0.03125	0	0
1	diagnostic-B2	14	ffn_norm_out	2x5120	1x5120	torch.bfloat16	torch.bfloat16	false	4534	5120	18.71739387512207	0.2744140625	not_zero	0.014660911894616543	0.015625	0	0
1	diagnostic-B2	14	ffn_in	2x5120	1x5120	torch.bfloat16	torch.bfloat16	false	4534	5120	18.71739387512207	0.2744140625	not_zero	0.014660911894616543	0.015625	0	0
1	diagnostic-B2	14	ffn_out	2x5120	1x5120	torch.bfloat16	torch.bfloat16	false	4619	5120	16.982587814331055	0.3292763829231262	not_zero	0.019389058164931763	0.01953125	0	0
1	diagnostic-B2	15	layer_entry	2x5120	1x5120	torch.bfloat16	torch.bfloat16	false	4619	5120	16.982587814331055	0.3292763829231262	not_zero	0.019389058164931763	0.01953125	0	0
1	diagnostic-B2	15	attn_norm_in	2x5120	1x5120	torch.bfloat16	torch.bfloat16	false	4606	5120	66.72027587890625	1.0737684965133667	not_zero	0.016093585980702468	0.0625	0	0
1	diagnostic-B2	15	attn_norm_out	2x5120	1x5120	torch.bfloat16	torch.bfloat16	false	4462	5120	2.0966532230377197	0.031041601672768593	not_zero	0.014805310354467778	0.0015869140625	0	0
1	diagnostic-B2	15	attn_in	2x5120	1x5120	torch.bfloat16	torch.bfloat16	false	4462	5120	2.0966532230377197	0.031041601672768593	not_zero	0.014805310354467778	0.0015869140625	0	0
1	diagnostic-B2	15	attn_out	2x5120	1x5120	torch.bfloat16	torch.bfloat16	false	4639	5120	34.334598541259766	0.7552350759506226	not_zero	0.02199632755405773	0.0390625	0	0
1	diagnostic-B2	15	ffn_norm_in	2x5120	1x5120	torch.bfloat16	torch.bfloat16	false	4166	5120	9.982675552368164	0.0872054398059845	not_zero	0.008735678060306886	0.005859375	0	0
1	diagnostic-B2	15	ffn_norm_out	2x5120	1x5120	torch.bfloat16	torch.bfloat16	false	4203	5120	43.86717224121094	0.39066633582115173	not_zero	0.008905664893852925	0.03125	0	0
1	diagnostic-B2	15	ffn_in	2x5120	1x5120	torch.bfloat16	torch.bfloat16	false	4203	5120	43.86717224121094	0.39066633582115173	not_zero	0.008905664893852925	0.03125	0	0
1	diagnostic-B2	15	ffn_out	2x5120	1x5120	torch.bfloat16	torch.bfloat16	false	4312	5120	66.45542907714844	0.890769898891449	not_zero	0.013404019976416822	0.0546875	0	0
1	diagnostic-B2	16	layer_entry	2x5120	1x5120	torch.bfloat16	torch.bfloat16	false	4312	5120	66.45542907714844	0.890769898891449	not_zero	0.013404019976416822	0.0546875	0	0
1	diagnostic-B2	16	attn_norm_in	2x5120	1x5120	torch.bfloat16	torch.bfloat16	false	4563	5120	67.66312408447266	1.1033399105072021	not_zero	0.016306369613229205	0.0625	0	0
1	diagnostic-B2	16	attn_norm_out	2x5120	1x5120	torch.bfloat16	torch.bfloat16	false	4527	5120	2.5243687629699707	0.03994796797633171	not_zero	0.01582493356847441	0.00244140625	0	0
1	diagnostic-B2	16	attn_in	2x5120	1x5120	torch.bfloat16	torch.bfloat16	false	4527	5120	2.5243687629699707	0.03994796797633171	not_zero	0.01582493356847441	0.00244140625	0	0
1	diagnostic-B2	16	attn_out	2x5120	1x5120	torch.bfloat16	torch.bfloat16	false	4450	5120	45.63039016723633	0.6988588571548462	not_zero	0.015315645003111172	0.0390625	0	0
1	diagnostic-B2	16	ffn_norm_in	2x5120	1x5120	torch.bfloat16	torch.bfloat16	false	4566	5120	69.30841064453125	1.0192031860351562	not_zero	0.01470533195837432	0.0556640625	0	0
1	diagnostic-B2	16	ffn_norm_out	2x5120	1x5120	torch.bfloat16	torch.bfloat16	false	4459	5120	22.810319900512695	0.3384847939014435	not_zero	0.014839107709920172	0.018310546875	0	0
1	diagnostic-B2	16	ffn_in	2x5120	1x5120	torch.bfloat16	torch.bfloat16	false	4459	5120	22.810319900512695	0.3384847939014435	not_zero	0.014839107709920172	0.018310546875	0	0
1	diagnostic-B2	16	ffn_out	2x5120	1x5120	torch.bfloat16	torch.bfloat16	false	4694	5120	18.4532527923584	0.4462221562862396	not_zero	0.024181219501367417	0.02734375	0	0
1	diagnostic-B2	17	layer_entry	2x5120	1x5120	torch.bfloat16	torch.bfloat16	false	4694	5120	18.4532527923584	0.4462221562862396	not_zero	0.024181219501367417	0.02734375	0	0
1	diagnostic-B2	17	attn_norm_in	2x5120	1x5120	torch.bfloat16	torch.bfloat16	false	4623	5120	85.69869995117188	1.4564582109451294	not_zero	0.016995102746890773	0.078125	0	0
1	diagnostic-B2	17	attn_norm_out	2x5120	1x5120	torch.bfloat16	torch.bfloat16	false	4459	5120	2.2941672801971436	0.03611357882618904	not_zero	0.015741475845251228	0.001953125	0	0
1	diagnostic-B2	17	attn_in	2x5120	1x5120	torch.bfloat16	torch.bfloat16	false	4459	5120	2.2941672801971436	0.03611357882618904	not_zero	0.015741475845251228	0.001953125	0	0
1	diagnostic-B2	17	attn_out	2x5120	1x5120	torch.bfloat16	torch.bfloat16	false	4721	5120	32.74671173095703	0.901400089263916	not_zero	0.027526430643470667	0.046875	0	0
1	diagnostic-B2	17	ffn_norm_in	2x5120	1x5120	torch.bfloat16	torch.bfloat16	false	4597	5120	84.3404769897461	1.4890203475952148	not_zero	0.017654872259926232	0.09375	0	0
1	diagnostic-B2	17	ffn_norm_out	2x5120	1x5120	torch.bfloat16	torch.bfloat16	false	4579	5120	26.069196701049805	0.43803584575653076	not_zero	0.016802813327151393	0.0234375	0	0
1	diagnostic-B2	17	ffn_in	2x5120	1x5120	torch.bfloat16	torch.bfloat16	false	4579	5120	26.069196701049805	0.43803584575653076	not_zero	0.016802813327151393	0.0234375	0	0
1	diagnostic-B2	17	ffn_out	2x5120	1x5120	torch.bfloat16	torch.bfloat16	false	4700	5120	28.07929801940918	0.6945092678070068	not_zero	0.02473385436227583	0.0390625	0	0
1	diagnostic-B2	18	layer_entry	2x5120	1x5120	torch.bfloat16	torch.bfloat16	false	4700	5120	28.07929801940918	0.6945092678070068	not_zero	0.02473385436227583	0.0390625	0	0
1	diagnostic-B2	18	attn_norm_in	2x5120	1x5120	torch.bfloat16	torch.bfloat16	false	4656	5120	106.95832824707031	2.0550830364227295	not_zero	0.019213866466532212	0.125	0	0
1	diagnostic-B2	18	attn_norm_out	2x5120	1x5120	torch.bfloat16	torch.bfloat16	false	4630	5120	2.0955262184143066	0.036865103989839554	not_zero	0.017592289548033206	0.001953125	0	0
1	diagnostic-B2	18	attn_in	2x5120	1x5120	torch.bfloat16	torch.bfloat16	false	4630	5120	2.0955262184143066	0.036865103989839554	not_zero	0.017592289548033206	0.001953125	0	0
1	diagnostic-B2	18	attn_out	2x5120	1x5120	torch.bfloat16	torch.bfloat16	false	4544	5120	46.643917083740234	0.8597378134727478	not_zero	0.01843193855115669	0.044921875	0	0
1	diagnostic-B2	18	ffn_norm_in	2x5120	1x5120	torch.bfloat16	torch.bfloat16	false	4613	5120	113.66373443603516	2.0308709144592285	not_zero	0.01786736046053556	0.140625	0	0
1	diagnostic-B2	18	ffn_norm_out	2x5120	1x5120	torch.bfloat16	torch.bfloat16	false	4582	5120	28.29143714904785	0.47808781266212463	not_zero	0.01689867538871968	0.03125	0	0
1	diagnostic-B2	18	ffn_in	2x5120	1x5120	torch.bfloat16	torch.bfloat16	false	4582	5120	28.29143714904785	0.47808781266212463	not_zero	0.01689867538871968	0.03125	0	0
1	diagnostic-B2	18	ffn_out	2x5120	1x5120	torch.bfloat16	torch.bfloat16	false	4672	5120	31.673879623413086	0.7247503995895386	not_zero	0.02288164279862353	0.037109375	0	0
1	diagnostic-B2	19	layer_entry	2x5120	1x5120	torch.bfloat16	torch.bfloat16	false	4672	5120	31.673879623413086	0.7247503995895386	not_zero	0.02288164279862353	0.037109375	0	0
1	diagnostic-B2	19	attn_norm_in	2x5120	1x5120	torch.bfloat16	torch.bfloat16	false	4622	5120	120.13526153564453	2.0488054752349854	not_zero	0.017054155866028542	0.125	0	0
1	diagnostic-B2	19	attn_norm_out	2x5120	1x5120	torch.bfloat16	torch.bfloat16	false	4565	5120	1.9172427654266357	0.03246702253818512	not_zero	0.01693422613122255	0.001953125	0	0
1	diagnostic-B2	19	attn_in	2x5120	1x5120	torch.bfloat16	torch.bfloat16	false	4565	5120	1.9172427654266357	0.03246702253818512	not_zero	0.01693422613122255	0.001953125	0	0
1	diagnostic-B2	19	attn_out	2x5120	1x5120	torch.bfloat16	torch.bfloat16	false	4575	5120	54.77485275268555	1.0237314701080322	not_zero	0.01868980779793771	0.05078125	0	0
1	diagnostic-B2	19	ffn_norm_in	2x5120	1x5120	torch.bfloat16	torch.bfloat16	false	4507	5120	45.784332275390625	0.6857514381408691	not_zero	0.014977862601907269	0.0341796875	0	0
1	diagnostic-B2	19	ffn_norm_out	2x5120	1x5120	torch.bfloat16	torch.bfloat16	false	4533	5120	23.413833618164062	0.3535144329071045	not_zero	0.015098528445715693	0.01953125	0	0
1	diagnostic-B2	19	ffn_in	2x5120	1x5120	torch.bfloat16	torch.bfloat16	false	4533	5120	23.413833618164062	0.3535144329071045	not_zero	0.015098528445715693	0.01953125	0	0
1	diagnostic-B2	19	ffn_out	2x5120	1x5120	torch.bfloat16	torch.bfloat16	false	4997	5120	24.20722007751465	1.9104390144348145	not_zero	0.07892021505638985	0.1015625	0	0
1	diagnostic-B2	20	layer_entry	2x5120	1x5120	torch.bfloat16	torch.bfloat16	false	4997	5120	24.20722007751465	1.9104390144348145	not_zero	0.07892021505638985	0.1015625	0	0
1	diagnostic-B2	20	attn_norm_in	2x5120	1x5120	torch.bfloat16	torch.bfloat16	false	4897	5120	71.28883361816406	3.0200917720794678	not_zero	0.04236416306452183	0.15625	0	0
1	diagnostic-B2	20	attn_norm_out	2x5120	1x5120	torch.bfloat16	torch.bfloat16	false	4857	5120	1.6824135780334473	0.07168195396661758	not_zero	0.04260661879013467	0.0035400390625	0	0
1	diagnostic-B2	20	attn_in	2x5120	1x5120	torch.bfloat16	torch.bfloat16	false	4857	5120	1.6824135780334473	0.07168195396661758	not_zero	0.04260661879013467	0.0035400390625	0	0
1	diagnostic-B2	20	attn_out	2x5120	1x5120	torch.bfloat16	torch.bfloat16	false	4764	5120	54.00471878051758	1.5778765678405762	not_zero	0.029217383285584327	0.087890625	0	0
1	diagnostic-B2	20	ffn_norm_in	2x5120	1x5120	torch.bfloat16	torch.bfloat16	false	4699	5120	64.72149658203125	1.3104636669158936	not_zero	0.020247734309650066	0.0703125	0	0
1	diagnostic-B2	20	ffn_norm_out	2x5120	1x5120	torch.bfloat16	torch.bfloat16	false	4660	5120	22.152475357055664	0.4201790392398834	not_zero	0.01896758860883032	0.0234375	0	0
1	diagnostic-B2	20	ffn_in	2x5120	1x5120	torch.bfloat16	torch.bfloat16	false	4660	5120	22.152475357055664	0.4201790392398834	not_zero	0.01896758860883032	0.0234375	0	0
1	diagnostic-B2	20	ffn_out	2x5120	1x5120	torch.bfloat16	torch.bfloat16	false	4691	5120	19.799907684326172	0.49329549074172974	not_zero	0.02491402983319099	0.02734375	0	0
1	diagnostic-B2	21	layer_entry	2x5120	1x5120	torch.bfloat16	torch.bfloat16	false	4691	5120	19.799907684326172	0.49329549074172974	not_zero	0.02491402983319099	0.02734375	0	0
1	diagnostic-B2	21	attn_norm_in	2x5120	1x5120	torch.bfloat16	torch.bfloat16	false	4740	5120	56.05887985229492	1.2672430276870728	not_zero	0.022605571695796106	0.0625	0	0
1	diagnostic-B2	21	attn_norm_out	2x5120	1x5120	torch.bfloat16	torch.bfloat16	false	4647	5120	1.6811095476150513	0.036924783140420914	not_zero	0.02196453121856645	0.0018310546875	0	0
1	diagnostic-B2	21	attn_in	2x5120	1x5120	torch.bfloat16	torch.bfloat16	false	4647	5120	1.6811095476150513	0.036924783140420914	not_zero	0.02196453121856645	0.0018310546875	0	0
1	diagnostic-B2	21	attn_out	2x5120	1x5120	torch.bfloat16	torch.bfloat16	false	4548	5120	56.08134841918945	1.0021759271621704	not_zero	0.017870039779914672	0.05859375	0	0
1	diagnostic-B2	21	ffn_norm_in	2x5120	1x5120	torch.bfloat16	torch.bfloat16	false	4718	5120	72.93262481689453	1.5044441223144531	not_zero	0.020627862031450638	0.078125	0	0
1	diagnostic-B2	21	ffn_norm_out	2x5120	1x5120	torch.bfloat16	torch.bfloat16	false	4589	5120	24.208208084106445	0.43164390325546265	not_zero	0.017830477239612473	0.025390625	0	0
1	diagnostic-B2	21	ffn_in	2x5120	1x5120	torch.bfloat16	torch.bfloat16	false	4589	5120	24.208208084106445	0.43164390325546265	not_zero	0.017830477239612473	0.025390625	0	0
1	diagnostic-B2	21	ffn_out	2x5120	1x5120	torch.bfloat16	torch.bfloat16	false	4798	5120	15.47658920288086	0.45011192560195923	not_zero	0.02908340589140752	0.02734375	0	0
1	diagnostic-B2	22	layer_entry	2x5120	1x5120	torch.bfloat16	torch.bfloat16	false	4798	5120	15.47658920288086	0.45011192560195923	not_zero	0.02908340589140752	0.02734375	0	0
1	diagnostic-B2	22	attn_norm_in	2x5120	1x5120	torch.bfloat16	torch.bfloat16	false	4668	5120	41.3079719543457	0.7984257936477661	not_zero	0.019328612756157586	0.044921875	0	0
1	diagnostic-B2	22	attn_norm_out	2x5120	1x5120	torch.bfloat16	torch.bfloat16	false	4672	5120	3.4025771617889404	0.06541448831558228	not_zero	0.019224983065832937	0.003173828125	0	0
1	diagnostic-B2	22	attn_in	2x5120	1x5120	torch.bfloat16	torch.bfloat16	false	4672	5120	3.4025771617889404	0.06541448831558228	not_zero	0.019224983065832937	0.003173828125	0	0
1	diagnostic-B2	22	attn_out	2x5120	1x5120	torch.bfloat16	torch.bfloat16	false	4685	5120	49.831417083740234	1.3146796226501465	not_zero	0.026382545381779247	0.0625	0	0
1	diagnostic-B2	22	ffn_norm_in	2x5120	1x5120	torch.bfloat16	torch.bfloat16	false	4800	5120	85.20519256591797	1.972786545753479	not_zero	0.023153360568104537	0.109375	0	0
1	diagnostic-B2	22	ffn_norm_out	2x5120	1x5120	torch.bfloat16	torch.bfloat16	false	4658	5120	27.0665340423584	0.5245471596717834	not_zero	0.01937991613004019	0.02734375	0	0
1	diagnostic-B2	22	ffn_in	2x5120	1x5120	torch.bfloat16	torch.bfloat16	false	4658	5120	27.0665340423584	0.5245471596717834	not_zero	0.01937991613004019	0.02734375	0	0
1	diagnostic-B2	22	ffn_out	2x5120	1x5120	torch.bfloat16	torch.bfloat16	false	4764	5120	18.257549285888672	0.5518866777420044	not_zero	0.030227861861425162	0.028076171875	0	0
1	diagnostic-B2	23	layer_entry	2x5120	1x5120	torch.bfloat16	torch.bfloat16	false	4764	5120	18.257549285888672	0.5518866777420044	not_zero	0.030227861861425162	0.028076171875	0	0
1	diagnostic-B2	23	attn_norm_in	2x5120	1x5120	torch.bfloat16	torch.bfloat16	false	4754	5120	123.24774932861328	2.623957872390747	not_zero	0.021290107824967538	0.125	0	0
1	diagnostic-B2	23	attn_norm_out	2x5120	1x5120	torch.bfloat16	torch.bfloat16	false	4678	5120	2.3975212574005127	0.048706188797950745	not_zero	0.020315227090315736	0.00244140625	0	0
1	diagnostic-B2	23	attn_in	2x5120	1x5120	torch.bfloat16	torch.bfloat16	false	4678	5120	2.3975212574005127	0.048706188797950745	not_zero	0.020315227090315736	0.00244140625	0	0
1	diagnostic-B2	23	attn_out	2x5120	1x5120	torch.bfloat16	torch.bfloat16	false	4714	5120	38.59120559692383	1.1510685682296753	not_zero	0.02982722489295408	0.0625	0	0
1	diagnostic-B2	23	ffn_norm_in	2x5120	1x5120	torch.bfloat16	torch.bfloat16	false	4690	5120	49.15272903442383	0.9414411783218384	not_zero	0.019153385718675062	0.046875	0	0
1	diagnostic-B2	23	ffn_norm_out	2x5120	1x5120	torch.bfloat16	torch.bfloat16	false	4688	5120	29.178165435791016	0.5558764338493347	not_zero	0.0190511098126641	0.02783203125	0	0
1	diagnostic-B2	23	ffn_in	2x5120	1x5120	torch.bfloat16	torch.bfloat16	false	4688	5120	29.178165435791016	0.5558764338493347	not_zero	0.0190511098126641	0.02783203125	0	0
1	diagnostic-B2	23	ffn_out	2x5120	1x5120	torch.bfloat16	torch.bfloat16	false	4684	5120	30.40627670288086	0.6858066916465759	not_zero	0.022554773751091953	0.037109375	0	0
1	diagnostic-B2	24	layer_entry	2x5120	1x5120	torch.bfloat16	torch.bfloat16	false	4684	5120	30.40627670288086	0.6858066916465759	not_zero	0.022554773751091953	0.037109375	0	0
1	diagnostic-B2	24	attn_norm_in	2x5120	1x5120	torch.bfloat16	torch.bfloat16	false	4663	5120	137.8685760498047	2.86970853805542	not_zero	0.020814812339968933	0.1484375	0	0
1	diagnostic-B2	24	attn_norm_out	2x5120	1x5120	torch.bfloat16	torch.bfloat16	false	4588	5120	3.525103807449341	0.07375244796276093	not_zero	0.020922064140892913	0.00390625	0	0
1	diagnostic-B2	24	attn_in	2x5120	1x5120	torch.bfloat16	torch.bfloat16	false	4588	5120	3.525103807449341	0.07375244796276093	not_zero	0.020922064140892913	0.00390625	0	0
1	diagnostic-B2	24	attn_out	2x5120	1x5120	torch.bfloat16	torch.bfloat16	false	4557	5120	42.643211364746094	0.8142741918563843	not_zero	0.01909504856216245	0.0390625	0	0
1	diagnostic-B2	24	ffn_norm_in	2x5120	1x5120	torch.bfloat16	torch.bfloat16	false	4719	5120	75.521728515625	1.5653579235076904	not_zero	0.020727252332205653	0.08203125	0	0
1	diagnostic-B2	24	ffn_norm_out	2x5120	1x5120	torch.bfloat16	torch.bfloat16	false	4664	5120	29.22224235534668	0.5799792408943176	not_zero	0.019847184683560094	0.0302734375	0	0
1	diagnostic-B2	24	ffn_in	2x5120	1x5120	torch.bfloat16	torch.bfloat16	false	4664	5120	29.22224235534668	0.5799792408943176	not_zero	0.019847184683560094	0.0302734375	0	0
1	diagnostic-B2	24	ffn_out	2x5120	1x5120	torch.bfloat16	torch.bfloat16	false	4775	5120	24.180574417114258	0.6765285730361938	not_zero	0.027978184528046943	0.03515625	0	0
1	diagnostic-B2	25	layer_entry	2x5120	1x5120	torch.bfloat16	torch.bfloat16	false	4775	5120	24.180574417114258	0.6765285730361938	not_zero	0.027978184528046943	0.03515625	0	0
1	diagnostic-B2	25	attn_norm_in	2x5120	1x5120	torch.bfloat16	torch.bfloat16	false	4756	5120	141.14602661132812	3.2476320266723633	not_zero	0.023009021965707352	0.171875	0	0
1	diagnostic-B2	25	attn_norm_out	2x5120	1x5120	torch.bfloat16	torch.bfloat16	false	4720	5120	3.211484432220459	0.06713138520717621	not_zero	0.02090353748368033	0.00372314453125	0	0
1	diagnostic-B2	25	attn_in	2x5120	1x5120	torch.bfloat16	torch.bfloat16	false	4720	5120	3.211484432220459	0.06713138520717621	not_zero	0.02090353748368033	0.00372314453125	0	0
1	diagnostic-B2	25	attn_out	2x5120	1x5120	torch.bfloat16	torch.bfloat16	false	4624	5120	45.9742546081543	0.9540245532989502	not_zero	0.020751278328060986	0.048828125	0	0
1	diagnostic-B2	25	ffn_norm_in	2x5120	1x5120	torch.bfloat16	torch.bfloat16	false	4707	5120	95.13330841064453	2.0288591384887695	not_zero	0.021326485669258603	0.109375	0	0
1	diagnostic-B2	25	ffn_norm_out	2x5120	1x5120	torch.bfloat16	torch.bfloat16	false	4692	5120	33.97990798950195	0.7069056034088135	not_zero	0.02080363500769958	0.03515625	0	0
1	diagnostic-B2	25	ffn_in	2x5120	1x5120	torch.bfloat16	torch.bfloat16	false	4692	5120	33.97990798950195	0.7069056034088135	not_zero	0.02080363500769958	0.03515625	0	0
1	diagnostic-B2	25	ffn_out	2x5120	1x5120	torch.bfloat16	torch.bfloat16	false	4807	5120	33.801700592041016	1.0183758735656738	not_zero	0.030127947876251577	0.0703125	0	0
1	diagnostic-B2	26	layer_entry	2x5120	1x5120	torch.bfloat16	torch.bfloat16	false	4807	5120	33.801700592041016	1.0183758735656738	not_zero	0.030127947876251577	0.0703125	0	0
1	diagnostic-B2	26	attn_norm_in	2x5120	1x5120	torch.bfloat16	torch.bfloat16	false	4860	5120	83.05142974853516	2.3251545429229736	not_zero	0.027996562491014603	0.1328125	0	0
1	diagnostic-B2	26	attn_norm_out	2x5120	1x5120	torch.bfloat16	torch.bfloat16	false	4737	5120	1.8059016466140747	0.04147135093808174	not_zero	0.022964346378351947	0.002197265625	0	0
1	diagnostic-B2	26	attn_in	2x5120	1x5120	torch.bfloat16	torch.bfloat16	false	4737	5120	1.8059016466140747	0.04147135093808174	not_zero	0.022964346378351947	0.002197265625	0	0
1	diagnostic-B2	26	attn_out	2x5120	1x5120	torch.bfloat16	torch.bfloat16	false	4660	5120	79.43251037597656	1.8281545639038086	not_zero	0.023015193089713965	0.09765625	0	0
1	diagnostic-B2	26	ffn_norm_in	2x5120	1x5120	torch.bfloat16	torch.bfloat16	false	4780	5120	119.25659942626953	2.814284086227417	not_zero	0.02359856058085364	0.15625	0	0
1	diagnostic-B2	26	ffn_norm_out	2x5120	1x5120	torch.bfloat16	torch.bfloat16	false	4694	5120	35.43473434448242	0.778430700302124	not_zero	0.0219680128750093	0.041015625	0	0
1	diagnostic-B2	26	ffn_in	2x5120	1x5120	torch.bfloat16	torch.bfloat16	false	4694	5120	35.43473434448242	0.778430700302124	not_zero	0.0219680128750093	0.041015625	0	0
1	diagnostic-B2	26	ffn_out	2x5120	1x5120	torch.bfloat16	torch.bfloat16	false	4790	5120	26.82662010192871	0.8408557772636414	not_zero	0.03134408188839218	0.04296875	0	0
1	diagnostic-B2	27	layer_entry	2x5120	1x5120	torch.bfloat16	torch.bfloat16	false	4790	5120	26.82662010192871	0.8408557772636414	not_zero	0.03134408188839218	0.04296875	0	0
1	diagnostic-B2	27	attn_norm_in	2x5120	1x5120	torch.bfloat16	torch.bfloat16	false	4688	5120	162.67803955078125	3.375645160675049	not_zero	0.0207504661968914	0.1650390625	0	0
1	diagnostic-B2	27	attn_norm_out	2x5120	1x5120	torch.bfloat16	torch.bfloat16	false	4685	5120	2.858510971069336	0.05950068682432175	not_zero	0.020815273205707946	0.002899169921875	0	0
1	diagnostic-B2	27	attn_in	2x5120	1x5120	torch.bfloat16	torch.bfloat16	false	4685	5120	2.858510971069336	0.05950068682432175	not_zero	0.020815273205707946	0.002899169921875	0	0
1	diagnostic-B2	27	attn_out	2x5120	1x5120	torch.bfloat16	torch.bfloat16	false	4650	5120	93.25711822509766	2.1995232105255127	not_zero	0.02358557987194558	0.12890625	0	0
1	diagnostic-B2	27	ffn_norm_in	2x5120	1x5120	torch.bfloat16	torch.bfloat16	false	4689	5120	102.74480438232422	2.151885986328125	not_zero	0.020943988353131035	0.109375	0	0
1	diagnostic-B2	27	ffn_norm_out	2x5120	1x5120	torch.bfloat16	torch.bfloat16	false	4649	5120	33.24016571044922	0.6809434294700623	not_zero	0.02048556061367661	0.0316162109375	0	0
1	diagnostic-B2	27	ffn_in	2x5120	1x5120	torch.bfloat16	torch.bfloat16	false	4649	5120	33.24016571044922	0.6809434294700623	not_zero	0.02048556061367661	0.0316162109375	0	0
1	diagnostic-B2	27	ffn_out	2x5120	1x5120	torch.bfloat16	torch.bfloat16	false	4791	5120	30.394908905029297	0.9194416999816895	not_zero	0.030249858713330573	0.0546875	0	0
1	diagnostic-B2	28	layer_entry	2x5120	1x5120	torch.bfloat16	torch.bfloat16	false	4791	5120	30.394908905029297	0.9194416999816895	not_zero	0.030249858713330573	0.0546875	0	0
1	diagnostic-B2	28	attn_norm_in	2x5120	1x5120	torch.bfloat16	torch.bfloat16	false	4738	5120	149.22076416015625	3.208951711654663	not_zero	0.02150472643479125	0.171875	0	0
1	diagnostic-B2	28	attn_norm_out	2x5120	1x5120	torch.bfloat16	torch.bfloat16	false	4634	5120	2.7176570892333984	0.05514158681035042	not_zero	0.020290119393210442	0.0030517578125	0	0
1	diagnostic-B2	28	attn_in	2x5120	1x5120	torch.bfloat16	torch.bfloat16	false	4634	5120	2.7176570892333984	0.05514158681035042	not_zero	0.020290119393210442	0.0030517578125	0	0
1	diagnostic-B2	28	attn_out	2x5120	1x5120	torch.bfloat16	torch.bfloat16	false	4641	5120	80.05419158935547	1.6518458127975464	not_zero	0.020634095229776658	0.08203125	0	0
1	diagnostic-B2	28	ffn_norm_in	2x5120	1x5120	torch.bfloat16	torch.bfloat16	false	4774	5120	106.3907699584961	2.235714912414551	not_zero	0.021014181148296243	0.140625	0	0
1	diagnostic-B2	28	ffn_norm_out	2x5120	1x5120	torch.bfloat16	torch.bfloat16	false	4654	5120	35.60149002075195	0.6605477333068848	not_zero	0.018553935043782	0.041015625	0	0
1	diagnostic-B2	28	ffn_in	2x5120	1x5120	torch.bfloat16	torch.bfloat16	false	4654	5120	35.60149002075195	0.6605477333068848	not_zero	0.018553935043782	0.041015625	0	0
1	diagnostic-B2	28	ffn_out	2x5120	1x5120	torch.bfloat16	torch.bfloat16	false	4832	5120	41.621639251708984	1.2324485778808594	not_zero	0.0296107649779857	0.0703125	0	0
1	diagnostic-B2	29	layer_entry	2x5120	1x5120	torch.bfloat16	torch.bfloat16	false	4832	5120	41.621639251708984	1.2324485778808594	not_zero	0.0296107649779857	0.0703125	0	0
1	diagnostic-B2	29	attn_norm_in	2x5120	1x5120	torch.bfloat16	torch.bfloat16	false	4747	5120	90.0519790649414	2.0195181369781494	not_zero	0.022426138303098975	0.1171875	0	0
1	diagnostic-B2	29	attn_norm_out	2x5120	1x5120	torch.bfloat16	torch.bfloat16	false	4674	5120	2.510981559753418	0.049538251012563705	not_zero	0.019728639909816156	0.002685546875	0	0
1	diagnostic-B2	29	attn_in	2x5120	1x5120	torch.bfloat16	torch.bfloat16	false	4674	5120	2.510981559753418	0.049538251012563705	not_zero	0.019728639909816156	0.002685546875	0	0
1	diagnostic-B2	29	attn_out	2x5120	1x5120	torch.bfloat16	torch.bfloat16	false	4617	5120	56.74549102783203	1.157953143119812	not_zero	0.02040608200133239	0.0654296875	0	0
1	diagnostic-B2	29	ffn_norm_in	2x5120	1x5120	torch.bfloat16	torch.bfloat16	false	4739	5120	124.5405502319336	2.802572011947632	not_zero	0.022503289143402393	0.15625	0	0
1	diagnostic-B2	29	ffn_norm_out	2x5120	1x5120	torch.bfloat16	torch.bfloat16	false	4674	5120	35.246070861816406	0.6929885745048523	not_zero	0.01966144190147438	0.037109375	0	0
1	diagnostic-B2	29	ffn_in	2x5120	1x5120	torch.bfloat16	torch.bfloat16	false	4674	5120	35.246070861816406	0.6929885745048523	not_zero	0.01966144190147438	0.037109375	0	0
1	diagnostic-B2	29	ffn_out	2x5120	1x5120	torch.bfloat16	torch.bfloat16	false	4828	5120	34.38181686401367	1.0114818811416626	not_zero	0.029419093387131258	0.05078125	0	0
1	diagnostic-B2	30	layer_entry	2x5120	1x5120	torch.bfloat16	torch.bfloat16	false	4828	5120	34.38181686401367	1.0114818811416626	not_zero	0.029419093387131258	0.05078125	0	0
1	diagnostic-B2	30	attn_norm_in	2x5120	1x5120	torch.bfloat16	torch.bfloat16	false	4914	5120	64.21881103515625	1.7904776334762573	not_zero	0.027880890421594223	0.125	0	0
1	diagnostic-B2	30	attn_norm_out	2x5120	1x5120	torch.bfloat16	torch.bfloat16	false	4632	5120	2.3298394680023193	0.048059456050395966	not_zero	0.02062779719823517	0.00250244140625	0	0
1	diagnostic-B2	30	attn_in	2x5120	1x5120	torch.bfloat16	torch.bfloat16	false	4632	5120	2.3298394680023193	0.048059456050395966	not_zero	0.02062779719823517	0.00250244140625	0	0
1	diagnostic-B2	30	attn_out	2x5120	1x5120	torch.bfloat16	torch.bfloat16	false	4763	5120	38.48366165161133	1.0896601676940918	not_zero	0.028314877559174965	0.05859375	0	0
1	diagnostic-B2	30	ffn_norm_in	2x5120	1x5120	torch.bfloat16	torch.bfloat16	false	4831	5120	159.2675323486328	4.163836479187012	not_zero	0.026143661660259	0.25	0	0
1	diagnostic-B2	30	ffn_norm_out	2x5120	1x5120	torch.bfloat16	torch.bfloat16	false	4699	5120	34.7339973449707	0.7267642617225647	not_zero	0.020923715013405914	0.04296875	0	0
1	diagnostic-B2	30	ffn_in	2x5120	1x5120	torch.bfloat16	torch.bfloat16	false	4699	5120	34.7339973449707	0.7267642617225647	not_zero	0.020923715013405914	0.04296875	0	0
1	diagnostic-B2	30	ffn_out	2x5120	1x5120	torch.bfloat16	torch.bfloat16	false	4807	5120	24.688350677490234	0.7969900369644165	not_zero	0.03228202836939923	0.04296875	0	0
1	diagnostic-B2	31	layer_entry	2x5120	1x5120	torch.bfloat16	torch.bfloat16	false	4807	5120	24.688350677490234	0.7969900369644165	not_zero	0.03228202836939923	0.04296875	0	0
1	diagnostic-B2	31	attn_norm_in	2x5120	1x5120	torch.bfloat16	torch.bfloat16	false	4694	5120	95.83209991455078	1.99637770652771	not_zero	0.020832035490277172	0.125	0	0
1	diagnostic-B2	31	attn_norm_out	2x5120	1x5120	torch.bfloat16	torch.bfloat16	false	4697	5120	2.4496850967407227	0.050091084092855453	not_zero	0.02044796866319718	0.0029296875	0	0
1	diagnostic-B2	31	attn_in	2x5120	1x5120	torch.bfloat16	torch.bfloat16	false	4697	5120	2.4496850967407227	0.050091084092855453	not_zero	0.02044796866319718	0.0029296875	0	0
1	diagnostic-B2	31	attn_out	2x5120	1x5120	torch.bfloat16	torch.bfloat16	false	4683	5120	61.61684799194336	1.4763543605804443	not_zero	0.023960238290239765	0.07421875	0	0
1	diagnostic-B2	31	ffn_norm_in	2x5120	1x5120	torch.bfloat16	torch.bfloat16	false	4809	5120	144.6006622314453	3.663879156112671	not_zero	0.025337914084019406	0.28125	0	0
1	diagnostic-B2	31	ffn_norm_out	2x5120	1x5120	torch.bfloat16	torch.bfloat16	false	4693	5120	35.378746032714844	0.7555707693099976	not_zero	0.021356629446711274	0.044921875	0	0
1	diagnostic-B2	31	ffn_in	2x5120	1x5120	torch.bfloat16	torch.bfloat16	false	4693	5120	35.378746032714844	0.7555707693099976	not_zero	0.021356629446711274	0.044921875	0	0
1	diagnostic-B2	31	ffn_out	2x5120	1x5120	torch.bfloat16	torch.bfloat16	false	4812	5120	35.6317024230957	1.0258111953735352	not_zero	0.028789283857193038	0.046875	0	0
1	diagnostic-B2	32	layer_entry	2x5120	1x5120	torch.bfloat16	torch.bfloat16	false	4812	5120	35.6317024230957	1.0258111953735352	not_zero	0.028789283857193038	0.046875	0	0
1	diagnostic-B2	32	attn_norm_in	2x5120	1x5120	torch.bfloat16	torch.bfloat16	false	4809	5120	107.29960632324219	2.8067574501037598	not_zero	0.02615813371810841	0.28125	0	0
1	diagnostic-B2	32	attn_norm_out	2x5120	1x5120	torch.bfloat16	torch.bfloat16	false	4685	5120	2.3818535804748535	0.053229253739118576	not_zero	0.022347827832685935	0.00390625	0	0
1	diagnostic-B2	32	attn_in	2x5120	1x5120	torch.bfloat16	torch.bfloat16	false	4685	5120	2.3818535804748535	0.053229253739118576	not_zero	0.022347827832685935	0.00390625	0	0
1	diagnostic-B2	32	attn_out	2x5120	1x5120	torch.bfloat16	torch.bfloat16	false	4714	5120	58.55453109741211	1.5738719701766968	not_zero	0.026878739197114945	0.087890625	0	0
1	diagnostic-B2	32	ffn_norm_in	2x5120	1x5120	torch.bfloat16	torch.bfloat16	false	4814	5120	152.31626892089844	3.925900936126709	not_zero	0.02577466585769328	0.28125	0	0
1	diagnostic-B2	32	ffn_norm_out	2x5120	1x5120	torch.bfloat16	torch.bfloat16	false	4700	5120	34.14111328125	0.7447235584259033	not_zero	0.021813101180707513	0.04296875	0	0
1	diagnostic-B2	32	ffn_in	2x5120	1x5120	torch.bfloat16	torch.bfloat16	false	4700	5120	34.14111328125	0.7447235584259033	not_zero	0.021813101180707513	0.04296875	0	0
1	diagnostic-B2	32	ffn_out	2x5120	1x5120	torch.bfloat16	torch.bfloat16	false	4818	5120	38.67354965209961	1.192765712738037	not_zero	0.030841899010252378	0.06640625	0	0
1	diagnostic-B2	33	layer_entry	2x5120	1x5120	torch.bfloat16	torch.bfloat16	false	4818	5120	38.67354965209961	1.192765712738037	not_zero	0.030841899010252378	0.06640625	0	0
1	diagnostic-B2	33	attn_norm_in	2x5120	1x5120	torch.bfloat16	torch.bfloat16	false	4703	5120	93.1196517944336	2.1073811054229736	not_zero	0.022630895464204756	0.125	0	0
1	diagnostic-B2	33	attn_norm_out	2x5120	1x5120	torch.bfloat16	torch.bfloat16	false	4740	5120	1.9219491481781006	0.04329446703195572	not_zero	0.02252633326589126	0.0025634765625	0	0
1	diagnostic-B2	33	attn_in	2x5120	1x5120	torch.bfloat16	torch.bfloat16	false	4740	5120	1.9219491481781006	0.04329446703195572	not_zero	0.02252633326589126	0.0025634765625	0	0
1	diagnostic-B2	33	attn_out	2x5120	1x5120	torch.bfloat16	torch.bfloat16	false	4669	5120	44.46729278564453	0.9598852396011353	not_zero	0.021586320629598053	0.0546875	0	0
1	diagnostic-B2	33	ffn_norm_in	2x5120	1x5120	torch.bfloat16	torch.bfloat16	false	4734	5120	145.4005889892578	3.3879246711730957	not_zero	0.02330062549762708	0.21875	0	0
1	diagnostic-B2	33	ffn_norm_out	2x5120	1x5120	torch.bfloat16	torch.bfloat16	false	4688	5120	34.976043701171875	0.7597672939300537	not_zero	0.021722505278794515	0.04296875	0	0
1	diagnostic-B2	33	ffn_in	2x5120	1x5120	torch.bfloat16	torch.bfloat16	false	4688	5120	34.976043701171875	0.7597672939300537	not_zero	0.021722505278794515	0.04296875	0	0
1	diagnostic-B2	33	ffn_out	2x5120	1x5120	torch.bfloat16	torch.bfloat16	false	4793	5120	28.736663818359375	0.9219269156455994	not_zero	0.03208190489588411	0.05859375	0	0
1	diagnostic-B2	34	layer_entry	2x5120	1x5120	torch.bfloat16	torch.bfloat16	false	4793	5120	28.736663818359375	0.9219269156455994	not_zero	0.03208190489588411	0.05859375	0	0
1	diagnostic-B2	34	attn_norm_in	2x5120	1x5120	torch.bfloat16	torch.bfloat16	false	4748	5120	207.42709350585938	4.578815460205078	not_zero	0.02207433649488868	0.271484375	0	0
1	diagnostic-B2	34	attn_norm_out	2x5120	1x5120	torch.bfloat16	torch.bfloat16	false	4693	5120	1.897071123123169	0.03978604078292847	not_zero	0.020972350639879157	0.00250244140625	0	0
1	diagnostic-B2	34	attn_in	2x5120	1x5120	torch.bfloat16	torch.bfloat16	false	4693	5120	1.897071123123169	0.03978604078292847	not_zero	0.020972350639879157	0.00250244140625	0	0
1	diagnostic-B2	34	attn_out	2x5120	1x5120	torch.bfloat16	torch.bfloat16	false	4683	5120	63.11051940917969	1.5725417137145996	not_zero	0.024917267809490835	0.0810546875	0	0
1	diagnostic-B2	34	ffn_norm_in	2x5120	1x5120	torch.bfloat16	torch.bfloat16	false	4733	5120	158.66091918945312	3.6559154987335205	not_zero	0.023042318911363935	0.25	0	0
1	diagnostic-B2	34	ffn_norm_out	2x5120	1x5120	torch.bfloat16	torch.bfloat16	false	4695	5120	34.863285064697266	0.773554265499115	not_zero	0.022188220761858723	0.046875	0	0
1	diagnostic-B2	34	ffn_in	2x5120	1x5120	torch.bfloat16	torch.bfloat16	false	4695	5120	34.863285064697266	0.773554265499115	not_zero	0.022188220761858723	0.046875	0	0
1	diagnostic-B2	34	ffn_out	2x5120	1x5120	torch.bfloat16	torch.bfloat16	false	5075	5120	28.415739059448242	8.36849594116211	not_zero	0.2945021392424274	0.451171875	0	0
1	diagnostic-B2	35	layer_entry	2x5120	1x5120	torch.bfloat16	torch.bfloat16	false	5075	5120	28.415739059448242	8.36849594116211	not_zero	0.2945021392424274	0.451171875	0	0
1	diagnostic-B2	35	attn_norm_in	2x5120	1x5120	torch.bfloat16	torch.bfloat16	false	5026	5120	179.7624053955078	16.56208038330078	not_zero	0.09213317070864396	0.8515625	0	0
1	diagnostic-B2	35	attn_norm_out	2x5120	1x5120	torch.bfloat16	torch.bfloat16	false	5029	5120	2.015408515930176	0.18643838167190552	not_zero	0.09250649692023268	0.00970458984375	0	0
1	diagnostic-B2	35	attn_in	2x5120	1x5120	torch.bfloat16	torch.bfloat16	false	5029	5120	2.015408515930176	0.18643838167190552	not_zero	0.09250649692023268	0.00970458984375	0	0
1	diagnostic-B2	35	attn_out	2x5120	1x5120	torch.bfloat16	torch.bfloat16	false	4987	5120	56.52774429321289	3.872352123260498	not_zero	0.06850356708334883	0.2060546875	0	0
1	diagnostic-B2	35	ffn_norm_in	2x5120	1x5120	torch.bfloat16	torch.bfloat16	false	5028	5120	162.5365447998047	16.571374893188477	not_zero	0.10195476293407948	0.9375	0	0
1	diagnostic-B2	35	ffn_norm_out	2x5120	1x5120	torch.bfloat16	torch.bfloat16	false	5029	5120	41.223365783691406	4.173207759857178	not_zero	0.10123403755421063	0.22265625	0	0
1	diagnostic-B2	35	ffn_in	2x5120	1x5120	torch.bfloat16	torch.bfloat16	false	5029	5120	41.223365783691406	4.173207759857178	not_zero	0.10123403755421063	0.22265625	0	0
1	diagnostic-B2	35	ffn_out	2x5120	1x5120	torch.bfloat16	torch.bfloat16	false	5014	5120	41.217185974121094	4.550918102264404	not_zero	0.11041312003011984	0.234375	0	0
1	diagnostic-B2	36	layer_entry	2x5120	1x5120	torch.bfloat16	torch.bfloat16	false	5014	5120	41.217185974121094	4.550918102264404	not_zero	0.11041312003011984	0.234375	0	0
1	diagnostic-B2	36	attn_norm_in	2x5120	1x5120	torch.bfloat16	torch.bfloat16	false	5039	5120	161.6715087890625	16.081432342529297	not_zero	0.09946979812943546	0.96875	0	0
1	diagnostic-B2	36	attn_norm_out	2x5120	1x5120	torch.bfloat16	torch.bfloat16	false	5050	5120	2.838320016860962	0.28301647305488586	not_zero	0.09971267206433182	0.0166015625	0	0
1	diagnostic-B2	36	attn_in	2x5120	1x5120	torch.bfloat16	torch.bfloat16	false	5050	5120	2.838320016860962	0.28301647305488586	not_zero	0.09971267206433182	0.0166015625	0	0
1	diagnostic-B2	36	attn_out	2x5120	1x5120	torch.bfloat16	torch.bfloat16	false	4984	5120	73.48359680175781	5.451996326446533	not_zero	0.07419337870946616	0.30859375	0	0
1	diagnostic-B2	36	ffn_norm_in	2x5120	1x5120	torch.bfloat16	torch.bfloat16	false	5023	5120	189.4661407470703	17.788843154907227	not_zero	0.09388929908407549	1.03125	0	0
1	diagnostic-B2	36	ffn_norm_out	2x5120	1x5120	torch.bfloat16	torch.bfloat16	false	5019	5120	39.71976089477539	3.729337692260742	not_zero	0.09389124224942873	0.212890625	0	0
1	diagnostic-B2	36	ffn_in	2x5120	1x5120	torch.bfloat16	torch.bfloat16	false	5019	5120	39.71976089477539	3.729337692260742	not_zero	0.09389124224942873	0.212890625	0	0
1	diagnostic-B2	36	ffn_out	2x5120	1x5120	torch.bfloat16	torch.bfloat16	false	5048	5120	32.76913070678711	3.902620553970337	not_zero	0.11909441812449514	0.212890625	0	0
1	diagnostic-B2	37	layer_entry	2x5120	1x5120	torch.bfloat16	torch.bfloat16	false	5048	5120	32.76913070678711	3.902620553970337	not_zero	0.11909441812449514	0.212890625	0	0
1	diagnostic-B2	37	attn_norm_in	2x5120	1x5120	torch.bfloat16	torch.bfloat16	false	5022	5120	172.26414489746094	15.70707893371582	not_zero	0.09118019854372686	0.826171875	0	0
1	diagnostic-B2	37	attn_norm_out	2x5120	1x5120	torch.bfloat16	torch.bfloat16	false	5025	5120	3.0593395233154297	0.279361754655838	not_zero	0.09131440055175423	0.015289306640625	0	0
1	diagnostic-B2	37	attn_in	2x5120	1x5120	torch.bfloat16	torch.bfloat16	false	5025	5120	3.0593395233154297	0.279361754655838	not_zero	0.09131440055175423	0.015289306640625	0	0
1	diagnostic-B2	37	attn_out	2x5120	1x5120	torch.bfloat16	torch.bfloat16	false	4994	5120	54.224857330322266	4.574700355529785	not_zero	0.08436537375584087	0.21875	0	0
1	diagnostic-B2	37	ffn_norm_in	2x5120	1x5120	torch.bfloat16	torch.bfloat16	false	5035	5120	193.47213745117188	18.840368270874023	not_zero	0.09738026632196028	0.97265625	0	0
1	diagnostic-B2	37	ffn_norm_out	2x5120	1x5120	torch.bfloat16	torch.bfloat16	false	5041	5120	40.0148811340332	3.7675797939300537	not_zero	0.09415446671727523	0.20849609375	0	0
1	diagnostic-B2	37	ffn_in	2x5120	1x5120	torch.bfloat16	torch.bfloat16	false	5041	5120	40.0148811340332	3.7675797939300537	not_zero	0.09415446671727523	0.20849609375	0	0
1	diagnostic-B2	37	ffn_out	2x5120	1x5120	torch.bfloat16	torch.bfloat16	false	5008	5120	45.48237991333008	5.063755512237549	not_zero	0.11133444472094241	0.2890625	0	0
1	diagnostic-B2	38	layer_entry	2x5120	1x5120	torch.bfloat16	torch.bfloat16	false	5008	5120	45.48237991333008	5.063755512237549	not_zero	0.11133444472094241	0.2890625	0	0
1	diagnostic-B2	38	attn_norm_in	2x5120	1x5120	torch.bfloat16	torch.bfloat16	false	5022	5120	223.96275329589844	18.8082275390625	not_zero	0.08397926557999208	1.0625	0	0
1	diagnostic-B2	38	attn_norm_out	2x5120	1x5120	torch.bfloat16	torch.bfloat16	false	5012	5120	2.269603729248047	0.19178560376167297	not_zero	0.08450180147757087	0.010589599609375	0	0
1	diagnostic-B2	38	attn_in	2x5120	1x5120	torch.bfloat16	torch.bfloat16	false	5012	5120	2.269603729248047	0.19178560376167297	not_zero	0.08450180147757087	0.010589599609375	0	0
1	diagnostic-B2	38	attn_out	2x5120	1x5120	torch.bfloat16	torch.bfloat16	false	4934	5120	45.27104568481445	2.2290923595428467	not_zero	0.04923880873135133	0.15625	0	0
1	diagnostic-B2	38	ffn_norm_in	2x5120	1x5120	torch.bfloat16	torch.bfloat16	false	5034	5120	197.23837280273438	18.679853439331055	not_zero	0.0947069942521453	1.046875	0	0
1	diagnostic-B2	38	ffn_norm_out	2x5120	1x5120	torch.bfloat16	torch.bfloat16	false	5018	5120	38.14085388183594	3.4718518257141113	not_zero	0.09102711324896513	0.1875	0	0
1	diagnostic-B2	38	ffn_in	2x5120	1x5120	torch.bfloat16	torch.bfloat16	false	5018	5120	38.14085388183594	3.4718518257141113	not_zero	0.09102711324896513	0.1875	0	0
1	diagnostic-B2	38	ffn_out	2x5120	1x5120	torch.bfloat16	torch.bfloat16	false	5036	5120	91.96285247802734	10.332599639892578	not_zero	0.11235623255989524	1.0	0	0
1	diagnostic-B2	39	layer_entry	2x5120	1x5120	torch.bfloat16	torch.bfloat16	false	5036	5120	91.96285247802734	10.332599639892578	not_zero	0.11235623255989524	1.0	0	0
1	diagnostic-B2	39	attn_norm_in	2x5120	1x5120	torch.bfloat16	torch.bfloat16	false	5019	5120	247.4531707763672	24.416358947753906	not_zero	0.09867062471314984	1.875	0	0
1	diagnostic-B2	39	attn_norm_out	2x5120	1x5120	torch.bfloat16	torch.bfloat16	false	5024	5120	1.8853036165237427	0.18560725450515747	not_zero	0.09844952976189233	0.0126953125	0	0
1	diagnostic-B2	39	attn_in	2x5120	1x5120	torch.bfloat16	torch.bfloat16	false	5024	5120	1.8853036165237427	0.18560725450515747	not_zero	0.09844952976189233	0.0126953125	0	0
1	diagnostic-B2	39	attn_out	2x5120	1x5120	torch.bfloat16	torch.bfloat16	false	4999	5120	138.78292846679688	10.772432327270508	not_zero	0.07762073077920213	0.953125	0	0
1	diagnostic-B2	39	ffn_norm_in	2x5120	1x5120	torch.bfloat16	torch.bfloat16	false	5043	5120	211.62123107910156	21.554533004760742	not_zero	0.10185430306236101	2.0	0	0
1	diagnostic-B2	39	ffn_norm_out	2x5120	1x5120	torch.bfloat16	torch.bfloat16	false	5047	5120	34.13896942138672	3.464850664138794	not_zero	0.10149253837663305	0.169189453125	0	0
1	diagnostic-B2	39	ffn_in	2x5120	1x5120	torch.bfloat16	torch.bfloat16	false	5047	5120	34.13896942138672	3.464850664138794	not_zero	0.10149253837663305	0.169189453125	0	0
1	diagnostic-B2	39	ffn_out	2x5120	1x5120	torch.bfloat16	torch.bfloat16	false	5022	5120	96.3650131225586	10.182018280029297	not_zero	0.10566094425867655	5.25	0	0
1	diagnostic-B4	0	layer_entry	4x5120	1x5120	torch.bfloat16	torch.bfloat16	true	0	5120	10.023543357849121	0.0	not_zero	0.0	0.0	0	0
1	diagnostic-B4	0	attn_norm_in	4x5120	1x5120	torch.bfloat16	torch.bfloat16	true	0	5120	10.023543357849121	0.0	not_zero	0.0	0.0	0	0
1	diagnostic-B4	0	attn_norm_out	4x5120	1x5120	torch.bfloat16	torch.bfloat16	true	0	5120	1.4394901990890503	0.0	not_zero	0.0	0.0	0	0
1	diagnostic-B4	0	attn_in	4x5120	1x5120	torch.bfloat16	torch.bfloat16	true	0	5120	1.4394901990890503	0.0	not_zero	0.0	0.0	0	0
1	diagnostic-B4	0	attn_out	4x5120	1x5120	torch.bfloat16	torch.bfloat16	true	0	5120	54.067481994628906	0.0	not_zero	0.0	0.0	0	0
1	diagnostic-B4	0	ffn_norm_in	4x5120	1x5120	torch.bfloat16	torch.bfloat16	true	0	5120	19.526836395263672	0.0	not_zero	0.0	0.0	0	0
1	diagnostic-B4	0	ffn_norm_out	4x5120	1x5120	torch.bfloat16	torch.bfloat16	true	0	5120	8.996875762939453	0.0	not_zero	0.0	0.0	0	0
1	diagnostic-B4	0	ffn_in	4x5120	1x5120	torch.bfloat16	torch.bfloat16	true	0	5120	8.996875762939453	0.0	not_zero	0.0	0.0	0	0
1	diagnostic-B4	0	ffn_out	4x5120	1x5120	torch.bfloat16	torch.bfloat16	false	3766	5120	8.766240119934082	0.059798501431941986	not_zero	0.006821453737727599	0.0078125	0	0
1	diagnostic-B4	1	layer_entry	4x5120	1x5120	torch.bfloat16	torch.bfloat16	false	3766	5120	8.766240119934082	0.059798501431941986	not_zero	0.006821453737727599	0.0078125	0	0
1	diagnostic-B4	1	attn_norm_in	4x5120	1x5120	torch.bfloat16	torch.bfloat16	false	2686	5120	14.400200843811035	0.05809938162565231	not_zero	0.0040346230067077465	0.0078125	0	0
1	diagnostic-B4	1	attn_norm_out	4x5120	1x5120	torch.bfloat16	torch.bfloat16	false	2906	5120	1.5649936199188232	0.006939462386071682	not_zero	0.0044341793460037455	0.00048828125	0	0
1	diagnostic-B4	1	attn_in	4x5120	1x5120	torch.bfloat16	torch.bfloat16	false	2906	5120	1.5649936199188232	0.006939462386071682	not_zero	0.0044341793460037455	0.00048828125	0	0
1	diagnostic-B4	1	attn_out	4x5120	1x5120	torch.bfloat16	torch.bfloat16	false	3816	5120	34.456581115722656	0.25625285506248474	not_zero	0.007436978561565868	0.03125	0	0
1	diagnostic-B4	1	ffn_norm_in	4x5120	1x5120	torch.bfloat16	torch.bfloat16	false	3133	5120	30.5642032623291	0.1455073207616806	not_zero	0.004760710413839605	0.0224609375	0	0
1	diagnostic-B4	1	ffn_norm_out	4x5120	1x5120	torch.bfloat16	torch.bfloat16	false	3406	5120	9.398193359375	0.048843465745449066	not_zero	0.005197112240378215	0.00390625	0	0
1	diagnostic-B4	1	ffn_in	4x5120	1x5120	torch.bfloat16	torch.bfloat16	false	3406	5120	9.398193359375	0.048843465745449066	not_zero	0.005197112240378215	0.00390625	0	0
1	diagnostic-B4	1	ffn_out	4x5120	1x5120	torch.bfloat16	torch.bfloat16	false	4139	5120	5.771538734436035	0.06006960570812225	not_zero	0.010407901336556124	0.00390625	0	0
1	diagnostic-B4	2	layer_entry	4x5120	1x5120	torch.bfloat16	torch.bfloat16	false	4139	5120	5.771538734436035	0.06006960570812225	not_zero	0.010407901336556124	0.00390625	0	0
1	diagnostic-B4	2	attn_norm_in	4x5120	1x5120	torch.bfloat16	torch.bfloat16	false	3749	5120	22.740814208984375	0.14253568649291992	not_zero	0.006267835671275452	0.017578125	0	0
1	diagnostic-B4	2	attn_norm_out	4x5120	1x5120	torch.bfloat16	torch.bfloat16	false	3866	5120	2.3065195083618164	0.014713788405060768	not_zero	0.006379216976799428	0.001953125	0	0
1	diagnostic-B4	2	attn_in	4x5120	1x5120	torch.bfloat16	torch.bfloat16	false	3866	5120	2.3065195083618164	0.014713788405060768	not_zero	0.006379216976799428	0.001953125	0	0
1	diagnostic-B4	2	attn_out	4x5120	1x5120	torch.bfloat16	torch.bfloat16	false	3962	5120	31.994749069213867	0.2843332290649414	not_zero	0.008886871669155668	0.015625	0	0
1	diagnostic-B4	2	ffn_norm_in	4x5120	1x5120	torch.bfloat16	torch.bfloat16	false	4001	5120	19.641082763671875	0.1573941558599472	not_zero	0.008013517266525818	0.015625	0	0
1	diagnostic-B4	2	ffn_norm_out	4x5120	1x5120	torch.bfloat16	torch.bfloat16	false	4069	5120	10.396515846252441	0.08554989844560623	not_zero	0.008228708512616157	0.005859375	0	0
1	diagnostic-B4	2	ffn_in	4x5120	1x5120	torch.bfloat16	torch.bfloat16	false	4069	5120	10.396515846252441	0.08554989844560623	not_zero	0.008228708512616157	0.005859375	0	0
1	diagnostic-B4	2	ffn_out	4x5120	1x5120	torch.bfloat16	torch.bfloat16	false	4490	5120	5.6896257400512695	0.08935512602329254	not_zero	0.015704921572308437	0.0078125	0	0
1	diagnostic-B4	3	layer_entry	4x5120	1x5120	torch.bfloat16	torch.bfloat16	false	4490	5120	5.6896257400512695	0.08935512602329254	not_zero	0.015704921572308437	0.0078125	0	0
1	diagnostic-B4	3	attn_norm_in	4x5120	1x5120	torch.bfloat16	torch.bfloat16	false	4088	5120	16.937992095947266	0.14677095413208008	not_zero	0.008665192031067118	0.009765625	0	0
1	diagnostic-B4	3	attn_norm_out	4x5120	1x5120	torch.bfloat16	torch.bfloat16	false	4227	5120	1.4959101676940918	0.012854592874646187	not_zero	0.008593158300716159	0.00091552734375	0	0
1	diagnostic-B4	3	attn_in	4x5120	1x5120	torch.bfloat16	torch.bfloat16	false	4227	5120	1.4959101676940918	0.012854592874646187	not_zero	0.008593158300716159	0.00091552734375	0	0
1	diagnostic-B4	3	attn_out	4x5120	1x5120	torch.bfloat16	torch.bfloat16	false	3773	5120	29.565189361572266	0.22072169184684753	not_zero	0.0074655937138604425	0.01171875	0	0
1	diagnostic-B4	3	ffn_norm_in	4x5120	1x5120	torch.bfloat16	torch.bfloat16	false	3919	5120	17.3911075592041	0.13942363858222961	not_zero	0.00801694993303867	0.0078125	0	0
1	diagnostic-B4	3	ffn_norm_out	4x5120	1x5120	torch.bfloat16	torch.bfloat16	false	4108	5120	11.72196102142334	0.0960283875465393	not_zero	0.008192177688616733	0.0078125	0	0
1	diagnostic-B4	3	ffn_in	4x5120	1x5120	torch.bfloat16	torch.bfloat16	false	4108	5120	11.72196102142334	0.0960283875465393	not_zero	0.008192177688616733	0.0078125	0	0
1	diagnostic-B4	3	ffn_out	4x5120	1x5120	torch.bfloat16	torch.bfloat16	false	4459	5120	5.971574306488037	0.09109394252300262	not_zero	0.015254594156859147	0.0078125	0	0
1	diagnostic-B4	4	layer_entry	4x5120	1x5120	torch.bfloat16	torch.bfloat16	false	4459	5120	5.971574306488037	0.09109394252300262	not_zero	0.015254594156859147	0.0078125	0	0
1	diagnostic-B4	4	attn_norm_in	4x5120	1x5120	torch.bfloat16	torch.bfloat16	false	4169	5120	19.116352081298828	0.1708913892507553	not_zero	0.008939539747122317	0.015625	0	0
1	diagnostic-B4	4	attn_norm_out	4x5120	1x5120	torch.bfloat16	torch.bfloat16	false	4231	5120	1.5449882745742798	0.01387681532651186	not_zero	0.008981825658408705	0.000732421875	0	0
1	diagnostic-B4	4	attn_in	4x5120	1x5120	torch.bfloat16	torch.bfloat16	false	4231	5120	1.5449882745742798	0.01387681532651186	not_zero	0.008981825658408705	0.000732421875	0	0
1	diagnostic-B4	4	attn_out	4x5120	1x5120	torch.bfloat16	torch.bfloat16	false	3955	5120	31.927892684936523	0.2780563235282898	not_zero	0.008708884306024865	0.015625	0	0
1	diagnostic-B4	4	ffn_norm_in	4x5120	1x5120	torch.bfloat16	torch.bfloat16	false	4091	5120	23.699920654296875	0.20866581797599792	not_zero	0.008804494370244489	0.0126953125	0	0
1	diagnostic-B4	4	ffn_norm_out	4x5120	1x5120	torch.bfloat16	torch.bfloat16	false	4162	5120	12.438974380493164	0.11190374940633774	not_zero	0.00899621994413185	0.005859375	0	0
1	diagnostic-B4	4	ffn_in	4x5120	1x5120	torch.bfloat16	torch.bfloat16	false	4162	5120	12.438974380493164	0.11190374940633774	not_zero	0.00899621994413185	0.005859375	0	0
1	diagnostic-B4	4	ffn_out	4x5120	1x5120	torch.bfloat16	torch.bfloat16	false	4524	5120	8.14199161529541	0.13528116047382355	not_zero	0.016615241929221175	0.0078125	0	0
1	diagnostic-B4	5	layer_entry	4x5120	1x5120	torch.bfloat16	torch.bfloat16	false	4524	5120	8.14199161529541	0.13528116047382355	not_zero	0.016615241929221175	0.0078125	0	0
1	diagnostic-B4	5	attn_norm_in	4x5120	1x5120	torch.bfloat16	torch.bfloat16	false	4271	5120	27.409902572631836	0.2991916537284851	not_zero	0.010915458489342503	0.015625	0	0
1	diagnostic-B4	5	attn_norm_out	4x5120	1x5120	torch.bfloat16	torch.bfloat16	false	4375	5120	1.6721417903900146	0.017690462991595268	not_zero	0.010579523275636271	0.0009765625	0	0
1	diagnostic-B4	5	attn_in	4x5120	1x5120	torch.bfloat16	torch.bfloat16	false	4375	5120	1.6721417903900146	0.017690462991595268	not_zero	0.010579523275636271	0.0009765625	0	0
1	diagnostic-B4	5	attn_out	4x5120	1x5120	torch.bfloat16	torch.bfloat16	false	4332	5120	27.721786499023438	0.35115787386894226	not_zero	0.012667216590868434	0.03125	0	0
1	diagnostic-B4	5	ffn_norm_in	4x5120	1x5120	torch.bfloat16	torch.bfloat16	false	4224	5120	28.066465377807617	0.2969616949558258	not_zero	0.010580658838167625	0.0234375	0	0
1	diagnostic-B4	5	ffn_norm_out	4x5120	1x5120	torch.bfloat16	torch.bfloat16	false	4330	5120	13.02416706085205	0.13754771649837494	not_zero	0.010560960701419049	0.0078125	0	0
1	diagnostic-B4	5	ffn_in	4x5120	1x5120	torch.bfloat16	torch.bfloat16	false	4330	5120	13.02416706085205	0.13754771649837494	not_zero	0.010560960701419049	0.0078125	0	0
1	diagnostic-B4	5	ffn_out	4x5120	1x5120	torch.bfloat16	torch.bfloat16	false	4553	5120	7.068871021270752	0.11670104414224625	not_zero	0.016509148885456282	0.00634765625	0	0
1	diagnostic-B4	6	layer_entry	4x5120	1x5120	torch.bfloat16	torch.bfloat16	false	4553	5120	7.068871021270752	0.11670104414224625	not_zero	0.016509148885456282	0.00634765625	0	0
1	diagnostic-B4	6	attn_norm_in	4x5120	1x5120	torch.bfloat16	torch.bfloat16	false	4300	5120	25.0979061126709	0.29427871108055115	not_zero	0.01172522957729856	0.0234375	0	0
1	diagnostic-B4	6	attn_norm_out	4x5120	1x5120	torch.bfloat16	torch.bfloat16	false	4356	5120	1.6357624530792236	0.01790657453238964	not_zero	0.010946928448370728	0.0009765625	0	0
1	diagnostic-B4	6	attn_in	4x5120	1x5120	torch.bfloat16	torch.bfloat16	false	4356	5120	1.6357624530792236	0.01790657453238964	not_zero	0.010946928448370728	0.0009765625	0	0
1	diagnostic-B4	6	attn_out	4x5120	1x5120	torch.bfloat16	torch.bfloat16	false	4006	5120	33.20033264160156	0.301563560962677	not_zero	0.009083148781009616	0.015625	0	0
1	diagnostic-B4	6	ffn_norm_in	4x5120	1x5120	torch.bfloat16	torch.bfloat16	false	4258	5120	28.92302894592285	0.29736271500587463	not_zero	0.010281174753925367	0.015625	0	0
1	diagnostic-B4	6	ffn_norm_out	4x5120	1x5120	torch.bfloat16	torch.bfloat16	false	4263	5120	14.630702018737793	0.1492289900779724	not_zero	0.01019971494784408	0.0078125	0	0
1	diagnostic-B4	6	ffn_in	4x5120	1x5120	torch.bfloat16	torch.bfloat16	false	4263	5120	14.630702018737793	0.1492289900779724	not_zero	0.01019971494784408	0.0078125	0	0
1	diagnostic-B4	6	ffn_out	4x5120	1x5120	torch.bfloat16	torch.bfloat16	false	4649	5120	12.12454605102539	0.21835139393806458	not_zero	0.018009036628600067	0.015625	0	0
1	diagnostic-B4	7	layer_entry	4x5120	1x5120	torch.bfloat16	torch.bfloat16	false	4649	5120	12.12454605102539	0.21835139393806458	not_zero	0.018009036628600067	0.015625	0	0
1	diagnostic-B4	7	attn_norm_in	4x5120	1x5120	torch.bfloat16	torch.bfloat16	false	4348	5120	32.34659957885742	0.4267110824584961	not_zero	0.01319183741147881	0.03125	0	0
1	diagnostic-B4	7	attn_norm_out	4x5120	1x5120	torch.bfloat16	torch.bfloat16	false	4368	5120	1.6963090896606445	0.020339269191026688	not_zero	0.011990308437889502	0.00146484375	0	0
1	diagnostic-B4	7	attn_in	4x5120	1x5120	torch.bfloat16	torch.bfloat16	false	4368	5120	1.6963090896606445	0.020339269191026688	not_zero	0.011990308437889502	0.00146484375	0	0
1	diagnostic-B4	7	attn_out	4x5120	1x5120	torch.bfloat16	torch.bfloat16	false	4290	5120	26.391679763793945	0.3258768320083618	not_zero	0.012347710904533774	0.017578125	0	0
1	diagnostic-B4	7	ffn_norm_in	4x5120	1x5120	torch.bfloat16	torch.bfloat16	false	4405	5120	27.094926834106445	0.3033168911933899	not_zero	0.011194600858326801	0.01806640625	0	0
1	diagnostic-B4	7	ffn_norm_out	4x5120	1x5120	torch.bfloat16	torch.bfloat16	false	4407	5120	16.908466339111328	0.1917463093996048	not_zero	0.011340254376357741	0.01171875	0	0
1	diagnostic-B4	7	ffn_in	4x5120	1x5120	torch.bfloat16	torch.bfloat16	false	4407	5120	16.908466339111328	0.1917463093996048	not_zero	0.011340254376357741	0.01171875	0	0
1	diagnostic-B4	7	ffn_out	4x5120	1x5120	torch.bfloat16	torch.bfloat16	false	4549	5120	13.419835090637207	0.222068190574646	not_zero	0.01654775852868559	0.0126953125	0	0
1	diagnostic-B4	8	layer_entry	4x5120	1x5120	torch.bfloat16	torch.bfloat16	false	4549	5120	13.419835090637207	0.222068190574646	not_zero	0.01654775852868559	0.0126953125	0	0
1	diagnostic-B4	8	attn_norm_in	4x5120	1x5120	torch.bfloat16	torch.bfloat16	false	4398	5120	39.79330062866211	0.4439280927181244	not_zero	0.011155849997483602	0.0234375	0	0
1	diagnostic-B4	8	attn_norm_out	4x5120	1x5120	torch.bfloat16	torch.bfloat16	false	4380	5120	3.7556095123291016	0.03663918375968933	not_zero	0.00975585551144452	0.015625	0	0
1	diagnostic-B4	8	attn_in	4x5120	1x5120	torch.bfloat16	torch.bfloat16	false	4380	5120	3.7556095123291016	0.03663918375968933	not_zero	0.00975585551144452	0.015625	0	0
1	diagnostic-B4	8	attn_out	4x5120	1x5120	torch.bfloat16	torch.bfloat16	false	4109	5120	49.9599494934082	0.49222785234451294	not_zero	0.009852448958329277	0.0625	0	0
1	diagnostic-B4	8	ffn_norm_in	4x5120	1x5120	torch.bfloat16	torch.bfloat16	false	4339	5120	31.450969696044922	0.34263885021209717	not_zero	0.01089438111204518	0.0234375	0	0
1	diagnostic-B4	8	ffn_norm_out	4x5120	1x5120	torch.bfloat16	torch.bfloat16	false	4388	5120	15.656110763549805	0.16862642765045166	not_zero	0.010770646056174041	0.009765625	0	0
1	diagnostic-B4	8	ffn_in	4x5120	1x5120	torch.bfloat16	torch.bfloat16	false	4388	5120	15.656110763549805	0.16862642765045166	not_zero	0.010770646056174041	0.009765625	0	0
1	diagnostic-B4	8	ffn_out	4x5120	1x5120	torch.bfloat16	torch.bfloat16	false	4674	5120	10.29256820678711	0.21357710659503937	not_zero	0.02075061367620597	0.01171875	0	0
1	diagnostic-B4	9	layer_entry	4x5120	1x5120	torch.bfloat16	torch.bfloat16	false	4674	5120	10.29256820678711	0.21357710659503937	not_zero	0.02075061367620597	0.01171875	0	0
1	diagnostic-B4	9	attn_norm_in	4x5120	1x5120	torch.bfloat16	torch.bfloat16	false	4522	5120	28.068960189819336	0.3874776065349579	not_zero	0.013804487373760882	0.0234375	0	0
1	diagnostic-B4	9	attn_norm_out	4x5120	1x5120	torch.bfloat16	torch.bfloat16	false	4437	5120	1.8644509315490723	0.023299042135477066	not_zero	0.012496463028994355	0.0015869140625	0	0
1	diagnostic-B4	9	attn_in	4x5120	1x5120	torch.bfloat16	torch.bfloat16	false	4437	5120	1.8644509315490723	0.023299042135477066	not_zero	0.012496463028994355	0.0015869140625	0	0
1	diagnostic-B4	9	attn_out	4x5120	1x5120	torch.bfloat16	torch.bfloat16	false	4341	5120	44.96403503417969	0.58414226770401	not_zero	0.012991322225862752	0.03125	0	0
1	diagnostic-B4	9	ffn_norm_in	4x5120	1x5120	torch.bfloat16	torch.bfloat16	false	4369	5120	32.66891098022461	0.38827216625213623	not_zero	0.011885066095015167	0.02252197265625	0	0
1	diagnostic-B4	9	ffn_norm_out	4x5120	1x5120	torch.bfloat16	torch.bfloat16	false	4370	5120	16.351778030395508	0.19652915000915527	not_zero	0.01201882447546909	0.01171875	0	0
1	diagnostic-B4	9	ffn_in	4x5120	1x5120	torch.bfloat16	torch.bfloat16	false	4370	5120	16.351778030395508	0.19652915000915527	not_zero	0.01201882447546909	0.01171875	0	0
1	diagnostic-B4	9	ffn_out	4x5120	1x5120	torch.bfloat16	torch.bfloat16	false	4657	5120	11.581546783447266	0.23709185421466827	not_zero	0.02047151892988317	0.013671875	0	0
1	diagnostic-B4	10	layer_entry	4x5120	1x5120	torch.bfloat16	torch.bfloat16	false	4657	5120	11.581546783447266	0.23709185421466827	not_zero	0.02047151892988317	0.013671875	0	0
1	diagnostic-B4	10	attn_norm_in	4x5120	1x5120	torch.bfloat16	torch.bfloat16	false	4592	5120	35.719173431396484	0.5568228960037231	not_zero	0.01558890765132561	0.033447265625	0	0
1	diagnostic-B4	10	attn_norm_out	4x5120	1x5120	torch.bfloat16	torch.bfloat16	false	4458	5120	1.893085241317749	0.02557164989411831	not_zero	0.013507923117248676	0.0017852783203125	0	0
1	diagnostic-B4	10	attn_in	4x5120	1x5120	torch.bfloat16	torch.bfloat16	false	4458	5120	1.893085241317749	0.02557164989411831	not_zero	0.013507923117248676	0.0017852783203125	0	0
1	diagnostic-B4	10	attn_out	4x5120	1x5120	torch.bfloat16	torch.bfloat16	false	4420	5120	39.43046569824219	0.5948955416679382	not_zero	0.015087205568927854	0.033203125	0	0
1	diagnostic-B4	10	ffn_norm_in	4x5120	1x5120	torch.bfloat16	torch.bfloat16	false	4545	5120	35.68378829956055	0.5231233835220337	not_zero	0.01465997329460886	0.03125	0	0
1	diagnostic-B4	10	ffn_norm_out	4x5120	1x5120	torch.bfloat16	torch.bfloat16	false	4460	5120	15.940790176391602	0.2175581306219101	not_zero	0.013647888731646119	0.013916015625	0	0
1	diagnostic-B4	10	ffn_in	4x5120	1x5120	torch.bfloat16	torch.bfloat16	false	4460	5120	15.940790176391602	0.2175581306219101	not_zero	0.013647888731646119	0.013916015625	0	0
1	diagnostic-B4	10	ffn_out	4x5120	1x5120	torch.bfloat16	torch.bfloat16	false	4698	5120	9.366169929504395	0.2051711529493332	not_zero	0.021905555258294327	0.01171875	0	0
1	diagnostic-B4	11	layer_entry	4x5120	1x5120	torch.bfloat16	torch.bfloat16	false	4698	5120	9.366169929504395	0.2051711529493332	not_zero	0.021905555258294327	0.01171875	0	0
1	diagnostic-B4	11	attn_norm_in	4x5120	1x5120	torch.bfloat16	torch.bfloat16	false	4578	5120	37.18736267089844	0.5789292454719543	not_zero	0.015567902746838367	0.03125	0	0
1	diagnostic-B4	11	attn_norm_out	4x5120	1x5120	torch.bfloat16	torch.bfloat16	false	4496	5120	1.9248926639556885	0.027763301506638527	not_zero	0.01442329851763498	0.00146484375	0	0
1	diagnostic-B4	11	attn_in	4x5120	1x5120	torch.bfloat16	torch.bfloat16	false	4496	5120	1.9248926639556885	0.027763301506638527	not_zero	0.01442329851763498	0.00146484375	0	0
1	diagnostic-B4	11	attn_out	4x5120	1x5120	torch.bfloat16	torch.bfloat16	false	4328	5120	39.08633804321289	0.5094488263130188	not_zero	0.013033935943290076	0.0234375	0	0
1	diagnostic-B4	11	ffn_norm_in	4x5120	1x5120	torch.bfloat16	torch.bfloat16	false	4510	5120	38.738407135009766	0.563986599445343	not_zero	0.014558848469937246	0.03515625	0	0
1	diagnostic-B4	11	ffn_norm_out	4x5120	1x5120	torch.bfloat16	torch.bfloat16	false	4481	5120	17.100210189819336	0.2344561666250229	not_zero	0.013710718407695778	0.013671875	0	0
1	diagnostic-B4	11	ffn_in	4x5120	1x5120	torch.bfloat16	torch.bfloat16	false	4481	5120	17.100210189819336	0.2344561666250229	not_zero	0.013710718407695778	0.013671875	0	0
1	diagnostic-B4	11	ffn_out	4x5120	1x5120	torch.bfloat16	torch.bfloat16	false	4650	5120	13.7267427444458	0.27058887481689453	not_zero	0.019712533399548256	0.015625	0	0
1	diagnostic-B4	12	layer_entry	4x5120	1x5120	torch.bfloat16	torch.bfloat16	false	4650	5120	13.7267427444458	0.27058887481689453	not_zero	0.019712533399548256	0.015625	0	0
1	diagnostic-B4	12	attn_norm_in	4x5120	1x5120	torch.bfloat16	torch.bfloat16	false	4485	5120	39.854732513427734	0.5832882523536682	not_zero	0.014635357348268452	0.03125	0	0
1	diagnostic-B4	12	attn_norm_out	4x5120	1x5120	torch.bfloat16	torch.bfloat16	false	4605	5120	1.916431188583374	0.027828501537442207	not_zero	0.014521002216632174	0.001953125	0	0
1	diagnostic-B4	12	attn_in	4x5120	1x5120	torch.bfloat16	torch.bfloat16	false	4605	5120	1.916431188583374	0.027828501537442207	not_zero	0.014521002216632174	0.001953125	0	0
1	diagnostic-B4	12	attn_out	4x5120	1x5120	torch.bfloat16	torch.bfloat16	false	4534	5120	41.632877349853516	0.7456795573234558	not_zero	0.017910834052071098	0.0625	0	0
1	diagnostic-B4	12	ffn_norm_in	4x5120	1x5120	torch.bfloat16	torch.bfloat16	false	4541	5120	51.937034606933594	0.7942241430282593	not_zero	0.015292057951306877	0.046875	0	0
1	diagnostic-B4	12	ffn_norm_out	4x5120	1x5120	torch.bfloat16	torch.bfloat16	false	4484	5120	16.476173400878906	0.23582372069358826	not_zero	0.014313015222394325	0.013671875	0	0
1	diagnostic-B4	12	ffn_in	4x5120	1x5120	torch.bfloat16	torch.bfloat16	false	4484	5120	16.476173400878906	0.23582372069358826	not_zero	0.014313015222394325	0.013671875	0	0
1	diagnostic-B4	12	ffn_out	4x5120	1x5120	torch.bfloat16	torch.bfloat16	false	4665	5120	11.648482322692871	0.2447688728570938	not_zero	0.021012941091926616	0.015625	0	0
1	diagnostic-B4	13	layer_entry	4x5120	1x5120	torch.bfloat16	torch.bfloat16	false	4665	5120	11.648482322692871	0.2447688728570938	not_zero	0.021012941091926616	0.015625	0	0
1	diagnostic-B4	13	attn_norm_in	4x5120	1x5120	torch.bfloat16	torch.bfloat16	false	4538	5120	40.64252471923828	0.5924490094184875	not_zero	0.014577072007981083	0.0390625	0	0
1	diagnostic-B4	13	attn_norm_out	4x5120	1x5120	torch.bfloat16	torch.bfloat16	false	4514	5120	1.6890618801116943	0.023839205503463745	not_zero	0.014113873377976718	0.00146484375	0	0
1	diagnostic-B4	13	attn_in	4x5120	1x5120	torch.bfloat16	torch.bfloat16	false	4514	5120	1.6890618801116943	0.023839205503463745	not_zero	0.014113873377976718	0.00146484375	0	0
1	diagnostic-B4	13	attn_out	4x5120	1x5120	torch.bfloat16	torch.bfloat16	false	4530	5120	35.86527633666992	0.62593674659729	not_zero	0.017452444551704464	0.03515625	0	0
1	diagnostic-B4	13	ffn_norm_in	4x5120	1x5120	torch.bfloat16	torch.bfloat16	false	4526	5120	24.704544067382812	0.3557349741458893	not_zero	0.014399576578932415	0.0205078125	0	0
1	diagnostic-B4	13	ffn_norm_out	4x5120	1x5120	torch.bfloat16	torch.bfloat16	false	4492	5120	16.037534713745117	0.23388376832008362	not_zero	0.014583523745680898	0.013671875	0	0
1	diagnostic-B4	13	ffn_in	4x5120	1x5120	torch.bfloat16	torch.bfloat16	false	4492	5120	16.037534713745117	0.23388376832008362	not_zero	0.014583523745680898	0.013671875	0	0
1	diagnostic-B4	13	ffn_out	4x5120	1x5120	torch.bfloat16	torch.bfloat16	false	4609	5120	12.064126968383789	0.20099128782749176	not_zero	0.01666024307885896	0.03125	0	0
1	diagnostic-B4	14	layer_entry	4x5120	1x5120	torch.bfloat16	torch.bfloat16	false	4609	5120	12.064126968383789	0.20099128782749176	not_zero	0.01666024307885896	0.03125	0	0
1	diagnostic-B4	14	attn_norm_in	4x5120	1x5120	torch.bfloat16	torch.bfloat16	false	4537	5120	47.0048942565918	0.6769409775733948	not_zero	0.014401499849740923	0.0625	0	0
1	diagnostic-B4	14	attn_norm_out	4x5120	1x5120	torch.bfloat16	torch.bfloat16	false	4534	5120	2.0860676765441895	0.03315393626689911	not_zero	0.015893030048681072	0.0078125	0	0
1	diagnostic-B4	14	attn_in	4x5120	1x5120	torch.bfloat16	torch.bfloat16	false	4534	5120	2.0860676765441895	0.03315393626689911	not_zero	0.015893030048681072	0.0078125	0	0
1	diagnostic-B4	14	attn_out	4x5120	1x5120	torch.bfloat16	torch.bfloat16	false	4334	5120	48.331180572509766	0.6224551200866699	not_zero	0.012878955422014157	0.0546875	0	0
1	diagnostic-B4	14	ffn_norm_in	4x5120	1x5120	torch.bfloat16	torch.bfloat16	false	4517	5120	39.59080505371094	0.5588217973709106	not_zero	0.014114938976683703	0.03125	0	0
1	diagnostic-B4	14	ffn_norm_out	4x5120	1x5120	torch.bfloat16	torch.bfloat16	false	4557	5120	18.71739387512207	0.267194926738739	not_zero	0.01427522060610569	0.015625	0	0
1	diagnostic-B4	14	ffn_in	4x5120	1x5120	torch.bfloat16	torch.bfloat16	false	4557	5120	18.71739387512207	0.267194926738739	not_zero	0.01427522060610569	0.015625	0	0
1	diagnostic-B4	14	ffn_out	4x5120	1x5120	torch.bfloat16	torch.bfloat16	false	4628	5120	16.982587814331055	0.3216523230075836	not_zero	0.018940124233372234	0.01953125	0	0
1	diagnostic-B4	15	layer_entry	4x5120	1x5120	torch.bfloat16	torch.bfloat16	false	4628	5120	16.982587814331055	0.3216523230075836	not_zero	0.018940124233372234	0.01953125	0	0
1	diagnostic-B4	15	attn_norm_in	4x5120	1x5120	torch.bfloat16	torch.bfloat16	false	4536	5120	66.72027587890625	1.0428179502487183	not_zero	0.015629700814507683	0.0625	0	0
1	diagnostic-B4	15	attn_norm_out	4x5120	1x5120	torch.bfloat16	torch.bfloat16	false	4509	5120	2.0966532230377197	0.02995096705853939	not_zero	0.014285131527446948	0.001708984375	0	0
1	diagnostic-B4	15	attn_in	4x5120	1x5120	torch.bfloat16	torch.bfloat16	false	4509	5120	2.0966532230377197	0.02995096705853939	not_zero	0.014285131527446948	0.001708984375	0	0
1	diagnostic-B4	15	attn_out	4x5120	1x5120	torch.bfloat16	torch.bfloat16	false	4659	5120	34.334598541259766	0.8115466833114624	not_zero	0.023636411019521013	0.078125	0	0
1	diagnostic-B4	15	ffn_norm_in	4x5120	1x5120	torch.bfloat16	torch.bfloat16	false	4118	5120	9.982675552368164	0.08697857707738876	not_zero	0.008712952416524752	0.005859375	0	0
1	diagnostic-B4	15	ffn_norm_out	4x5120	1x5120	torch.bfloat16	torch.bfloat16	false	4132	5120	43.86717224121094	0.3870440125465393	not_zero	0.00882309008700888	0.0234375	0	0
1	diagnostic-B4	15	ffn_in	4x5120	1x5120	torch.bfloat16	torch.bfloat16	false	4132	5120	43.86717224121094	0.3870440125465393	not_zero	0.00882309008700888	0.0234375	0	0
1	diagnostic-B4	15	ffn_out	4x5120	1x5120	torch.bfloat16	torch.bfloat16	false	4377	5120	66.45542907714844	0.9545745253562927	not_zero	0.014364131548200862	0.05859375	0	0
1	diagnostic-B4	16	layer_entry	4x5120	1x5120	torch.bfloat16	torch.bfloat16	false	4377	5120	66.45542907714844	0.9545745253562927	not_zero	0.014364131548200862	0.05859375	0	0
1	diagnostic-B4	16	attn_norm_in	4x5120	1x5120	torch.bfloat16	torch.bfloat16	false	4582	5120	67.66312408447266	1.0904018878936768	not_zero	0.01611515729797499	0.078125	0	0
1	diagnostic-B4	16	attn_norm_out	4x5120	1x5120	torch.bfloat16	torch.bfloat16	false	4501	5120	2.5243687629699707	0.03914044797420502	not_zero	0.015505043695817046	0.002197265625	0	0
1	diagnostic-B4	16	attn_in	4x5120	1x5120	torch.bfloat16	torch.bfloat16	false	4501	5120	2.5243687629699707	0.03914044797420502	not_zero	0.015505043695817046	0.002197265625	0	0
1	diagnostic-B4	16	attn_out	4x5120	1x5120	torch.bfloat16	torch.bfloat16	false	4396	5120	45.63039016723633	0.7019562721252441	not_zero	0.015383525530957764	0.046875	0	0
1	diagnostic-B4	16	ffn_norm_in	4x5120	1x5120	torch.bfloat16	torch.bfloat16	false	4522	5120	69.30841064453125	0.9979116916656494	not_zero	0.014398132670849079	0.0556640625	0	0
1	diagnostic-B4	16	ffn_norm_out	4x5120	1x5120	torch.bfloat16	torch.bfloat16	false	4531	5120	22.810319900512695	0.33103856444358826	not_zero	0.014512666454807048	0.018310546875	0	0
1	diagnostic-B4	16	ffn_in	4x5120	1x5120	torch.bfloat16	torch.bfloat16	false	4531	5120	22.810319900512695	0.33103856444358826	not_zero	0.014512666454807048	0.018310546875	0	0
1	diagnostic-B4	16	ffn_out	4x5120	1x5120	torch.bfloat16	torch.bfloat16	false	5068	5120	18.4532527923584	4.5940165519714355	not_zero	0.24895429568243085	0.224609375	0	0
1	diagnostic-B4	17	layer_entry	4x5120	1x5120	torch.bfloat16	torch.bfloat16	false	5068	5120	18.4532527923584	4.5940165519714355	not_zero	0.24895429568243085	0.224609375	0	0
1	diagnostic-B4	17	attn_norm_in	4x5120	1x5120	torch.bfloat16	torch.bfloat16	false	5046	5120	85.69869995117188	8.946474075317383	not_zero	0.10439451334051475	0.4375	0	0
1	diagnostic-B4	17	attn_norm_out	4x5120	1x5120	torch.bfloat16	torch.bfloat16	false	5035	5120	2.2941672801971436	0.23966996371746063	not_zero	0.1044692624579953	0.011962890625	0	0
1	diagnostic-B4	17	attn_in	4x5120	1x5120	torch.bfloat16	torch.bfloat16	false	5035	5120	2.2941672801971436	0.23966996371746063	not_zero	0.1044692624579953	0.011962890625	0	0
1	diagnostic-B4	17	attn_out	4x5120	1x5120	torch.bfloat16	torch.bfloat16	false	5027	5120	32.74671173095703	3.188037872314453	not_zero	0.09735444274548789	0.1640625	0	0
1	diagnostic-B4	17	ffn_norm_in	4x5120	1x5120	torch.bfloat16	torch.bfloat16	false	5014	5120	84.3404769897461	8.522294044494629	not_zero	0.10104631072374358	0.3984375	0	0
1	diagnostic-B4	17	ffn_norm_out	4x5120	1x5120	torch.bfloat16	torch.bfloat16	false	5022	5120	26.069196701049805	2.63350772857666	not_zero	0.1010199032512041	0.12109375	0	0
1	diagnostic-B4	17	ffn_in	4x5120	1x5120	torch.bfloat16	torch.bfloat16	false	5022	5120	26.069196701049805	2.63350772857666	not_zero	0.1010199032512041	0.12109375	0	0
1	diagnostic-B4	17	ffn_out	4x5120	1x5120	torch.bfloat16	torch.bfloat16	false	5012	5120	28.07929801940918	2.8282482624053955	not_zero	0.1007236099866326	0.166015625	0	0
1	diagnostic-B4	18	layer_entry	4x5120	1x5120	torch.bfloat16	torch.bfloat16	false	5012	5120	28.07929801940918	2.8282482624053955	not_zero	0.1007236099866326	0.166015625	0	0
1	diagnostic-B4	18	attn_norm_in	4x5120	1x5120	torch.bfloat16	torch.bfloat16	false	5020	5120	106.95832824707031	9.560379981994629	not_zero	0.08938415678964669	0.5	0	0
1	diagnostic-B4	18	attn_norm_out	4x5120	1x5120	torch.bfloat16	torch.bfloat16	false	5038	5120	2.0955262184143066	0.18773727118968964	not_zero	0.0895895596723916	0.009765625	0	0
1	diagnostic-B4	18	attn_in	4x5120	1x5120	torch.bfloat16	torch.bfloat16	false	5038	5120	2.0955262184143066	0.18773727118968964	not_zero	0.0895895596723916	0.009765625	0	0
1	diagnostic-B4	18	attn_out	4x5120	1x5120	torch.bfloat16	torch.bfloat16	false	4968	5120	46.643917083740234	3.4473724365234375	not_zero	0.07390829613075461	0.18994140625	0	0
1	diagnostic-B4	18	ffn_norm_in	4x5120	1x5120	torch.bfloat16	torch.bfloat16	false	5012	5120	113.66373443603516	9.289176940917969	not_zero	0.08172507253090035	0.515625	0	0
1	diagnostic-B4	18	ffn_norm_out	4x5120	1x5120	torch.bfloat16	torch.bfloat16	false	5014	5120	28.29143714904785	2.3142991065979004	not_zero	0.08180210479960677	0.130859375	0	0
1	diagnostic-B4	18	ffn_in	4x5120	1x5120	torch.bfloat16	torch.bfloat16	false	5014	5120	28.29143714904785	2.3142991065979004	not_zero	0.08180210479960677	0.130859375	0	0
1	diagnostic-B4	18	ffn_out	4x5120	1x5120	torch.bfloat16	torch.bfloat16	false	5081	5120	31.673879623413086	9.39605712890625	not_zero	0.29665002331955437	0.50390625	0	0
1	diagnostic-B4	19	layer_entry	4x5120	1x5120	torch.bfloat16	torch.bfloat16	false	5081	5120	31.673879623413086	9.39605712890625	not_zero	0.29665002331955437	0.50390625	0	0
1	diagnostic-B4	19	attn_norm_in	4x5120	1x5120	torch.bfloat16	torch.bfloat16	false	5060	5120	120.13526153564453	17.743160247802734	not_zero	0.1476931919987395	0.921875	0	0
1	diagnostic-B4	19	attn_norm_out	4x5120	1x5120	torch.bfloat16	torch.bfloat16	false	5069	5120	1.9172427654266357	0.28129568696022034	not_zero	0.1467188673405294	0.01458740234375	0	0
1	diagnostic-B4	19	attn_in	4x5120	1x5120	torch.bfloat16	torch.bfloat16	false	5069	5120	1.9172427654266357	0.28129568696022034	not_zero	0.1467188673405294	0.01458740234375	0	0
1	diagnostic-B4	19	attn_out	4x5120	1x5120	torch.bfloat16	torch.bfloat16	false	5013	5120	54.77485275268555	5.515734672546387	not_zero	0.10069830214698217	0.30078125	0	0
1	diagnostic-B4	19	ffn_norm_in	4x5120	1x5120	torch.bfloat16	torch.bfloat16	false	5066	5120	45.784332275390625	5.631605625152588	not_zero	0.12300289957880663	0.287109375	0	0
1	diagnostic-B4	19	ffn_norm_out	4x5120	1x5120	torch.bfloat16	torch.bfloat16	false	5031	5120	23.413833618164062	2.885554313659668	not_zero	0.1232414290080674	0.1416015625	0	0
1	diagnostic-B4	19	ffn_in	4x5120	1x5120	torch.bfloat16	torch.bfloat16	false	5031	5120	23.413833618164062	2.885554313659668	not_zero	0.1232414290080674	0.1416015625	0	0
1	diagnostic-B4	19	ffn_out	4x5120	1x5120	torch.bfloat16	torch.bfloat16	false	5024	5120	24.20722007751465	2.6321637630462646	not_zero	0.10873465662797033	0.140625	0	0
1	diagnostic-B4	20	layer_entry	4x5120	1x5120	torch.bfloat16	torch.bfloat16	false	5024	5120	24.20722007751465	2.6321637630462646	not_zero	0.10873465662797033	0.140625	0	0
1	diagnostic-B4	20	attn_norm_in	4x5120	1x5120	torch.bfloat16	torch.bfloat16	false	5028	5120	71.28883361816406	7.952638626098633	not_zero	0.11155517943657782	0.4140625	0	0
1	diagnostic-B4	20	attn_norm_out	4x5120	1x5120	torch.bfloat16	torch.bfloat16	false	5026	5120	1.6824135780334473	0.18839986622333527	not_zero	0.11198189831750738	0.0096435546875	0	0
1	diagnostic-B4	20	attn_in	4x5120	1x5120	torch.bfloat16	torch.bfloat16	false	5026	5120	1.6824135780334473	0.18839986622333527	not_zero	0.11198189831750738	0.0096435546875	0	0
1	diagnostic-B4	20	attn_out	4x5120	1x5120	torch.bfloat16	torch.bfloat16	false	5019	5120	54.00471878051758	5.066315650939941	not_zero	0.0938124624170367	0.265625	0	0
1	diagnostic-B4	20	ffn_norm_in	4x5120	1x5120	torch.bfloat16	torch.bfloat16	false	5028	5120	64.72149658203125	6.762356758117676	not_zero	0.104483936794427	0.3623046875	0	0
1	diagnostic-B4	20	ffn_norm_out	4x5120	1x5120	torch.bfloat16	torch.bfloat16	false	5030	5120	22.152475357055664	2.312804937362671	not_zero	0.10440390521080219	0.122314453125	0	0
1	diagnostic-B4	20	ffn_in	4x5120	1x5120	torch.bfloat16	torch.bfloat16	false	5030	5120	22.152475357055664	2.312804937362671	not_zero	0.10440390521080219	0.122314453125	0	0
1	diagnostic-B4	20	ffn_out	4x5120	1x5120	torch.bfloat16	torch.bfloat16	false	5024	5120	19.799907684326172	2.213101625442505	not_zero	0.11177333049862757	0.1142578125	0	0
1	diagnostic-B4	21	layer_entry	4x5120	1x5120	torch.bfloat16	torch.bfloat16	false	5024	5120	19.799907684326172	2.213101625442505	not_zero	0.11177333049862757	0.1142578125	0	0
1	diagnostic-B4	21	attn_norm_in	4x5120	1x5120	torch.bfloat16	torch.bfloat16	false	4995	5120	56.05887985229492	4.669200420379639	not_zero	0.08329100461304513	0.2265625	0	0
1	diagnostic-B4	21	attn_norm_out	4x5120	1x5120	torch.bfloat16	torch.bfloat16	false	5016	5120	1.6811095476150513	0.138533815741539	not_zero	0.08240617985786441	0.007080078125	0	0
1	diagnostic-B4	21	attn_in	4x5120	1x5120	torch.bfloat16	torch.bfloat16	false	5016	5120	1.6811095476150513	0.138533815741539	not_zero	0.08240617985786441	0.007080078125	0	0
1	diagnostic-B4	21	attn_out	4x5120	1x5120	torch.bfloat16	torch.bfloat16	false	4967	5120	56.08134841918945	3.4552483558654785	not_zero	0.061611363728964655	0.203125	0	0
1	diagnostic-B4	21	ffn_norm_in	4x5120	1x5120	torch.bfloat16	torch.bfloat16	false	5023	5120	72.93262481689453	6.7356133460998535	not_zero	0.09235391380757733	0.3828125	0	0
1	diagnostic-B4	21	ffn_norm_out	4x5120	1x5120	torch.bfloat16	torch.bfloat16	false	5013	5120	24.208208084106445	2.2258150577545166	not_zero	0.09194464332185924	0.125	0	0
1	diagnostic-B4	21	ffn_in	4x5120	1x5120	torch.bfloat16	torch.bfloat16	false	5013	5120	24.208208084106445	2.2258150577545166	not_zero	0.09194464332185924	0.125	0	0
1	diagnostic-B4	21	ffn_out	4x5120	1x5120	torch.bfloat16	torch.bfloat16	false	5024	5120	15.47658920288086	1.8632993698120117	not_zero	0.12039470359949668	0.09619140625	0	0
1	diagnostic-B4	22	layer_entry	4x5120	1x5120	torch.bfloat16	torch.bfloat16	false	5024	5120	15.47658920288086	1.8632993698120117	not_zero	0.12039470359949668	0.09619140625	0	0
1	diagnostic-B4	22	attn_norm_in	4x5120	1x5120	torch.bfloat16	torch.bfloat16	false	4975	5120	41.3079719543457	2.702040672302246	not_zero	0.0654120874122939	0.1328125	0	0
1	diagnostic-B4	22	attn_norm_out	4x5120	1x5120	torch.bfloat16	torch.bfloat16	false	4973	5120	3.4025771617889404	0.214665949344635	not_zero	0.06308922300288765	0.0107421875	0	0
1	diagnostic-B4	22	attn_in	4x5120	1x5120	torch.bfloat16	torch.bfloat16	false	4973	5120	3.4025771617889404	0.214665949344635	not_zero	0.06308922300288765	0.0107421875	0	0
1	diagnostic-B4	22	attn_out	4x5120	1x5120	torch.bfloat16	torch.bfloat16	false	4986	5120	49.831417083740234	4.229142665863037	not_zero	0.08486900259641597	0.23828125	0	0
1	diagnostic-B4	22	ffn_norm_in	4x5120	1x5120	torch.bfloat16	torch.bfloat16	false	5006	5120	85.20519256591797	8.219533920288086	not_zero	0.09646752354827604	0.3837890625	0	0
1	diagnostic-B4	22	ffn_norm_out	4x5120	1x5120	torch.bfloat16	torch.bfloat16	false	5010	5120	27.0665340423584	2.6071226596832275	not_zero	0.09632273772486535	0.123046875	0	0
1	diagnostic-B4	22	ffn_in	4x5120	1x5120	torch.bfloat16	torch.bfloat16	false	5010	5120	27.0665340423584	2.6071226596832275	not_zero	0.09632273772486535	0.123046875	0	0
1	diagnostic-B4	22	ffn_out	4x5120	1x5120	torch.bfloat16	torch.bfloat16	false	5090	5120	18.257549285888672	5.836276531219482	not_zero	0.3196637423693202	0.296875	0	0
1	diagnostic-B4	23	layer_entry	4x5120	1x5120	torch.bfloat16	torch.bfloat16	false	5090	5120	18.257549285888672	5.836276531219482	not_zero	0.3196637423693202	0.296875	0	0
1	diagnostic-B4	23	attn_norm_in	4x5120	1x5120	torch.bfloat16	torch.bfloat16	false	5059	5120	123.24774932861328	16.689586639404297	not_zero	0.1354149404781839	0.8359375	0	0
1	diagnostic-B4	23	attn_norm_out	4x5120	1x5120	torch.bfloat16	torch.bfloat16	false	5053	5120	2.3975212574005127	0.3130722641944885	not_zero	0.13058164269789785	0.01611328125	0	0
1	diagnostic-B4	23	attn_in	4x5120	1x5120	torch.bfloat16	torch.bfloat16	false	5053	5120	2.3975212574005127	0.3130722641944885	not_zero	0.13058164269789785	0.01611328125	0	0
1	diagnostic-B4	23	attn_out	4x5120	1x5120	torch.bfloat16	torch.bfloat16	false	5068	5120	38.59120559692383	7.328142166137695	not_zero	0.18989150644005365	0.390625	0	0
1	diagnostic-B4	23	ffn_norm_in	4x5120	1x5120	torch.bfloat16	torch.bfloat16	false	5032	5120	49.15272903442383	4.739266395568848	not_zero	0.09641919154172966	0.23828125	0	0
1	diagnostic-B4	23	ffn_norm_out	4x5120	1x5120	torch.bfloat16	torch.bfloat16	false	5029	5120	29.178165435791016	2.7590749263763428	not_zero	0.09455957511955017	0.13671875	0	0
1	diagnostic-B4	23	ffn_in	4x5120	1x5120	torch.bfloat16	torch.bfloat16	false	5029	5120	29.178165435791016	2.7590749263763428	not_zero	0.09455957511955017	0.13671875	0	0
1	diagnostic-B4	23	ffn_out	4x5120	1x5120	torch.bfloat16	torch.bfloat16	false	5035	5120	30.40627670288086	3.1206839084625244	not_zero	0.10263288527420569	0.1796875	0	0
1	diagnostic-B4	24	layer_entry	4x5120	1x5120	torch.bfloat16	torch.bfloat16	false	5035	5120	30.40627670288086	3.1206839084625244	not_zero	0.10263288527420569	0.1796875	0	0
1	diagnostic-B4	24	attn_norm_in	4x5120	1x5120	torch.bfloat16	torch.bfloat16	false	5062	5120	137.8685760498047	18.47736167907715	not_zero	0.13402156030393936	0.82421875	0	0
1	diagnostic-B4	24	attn_norm_out	4x5120	1x5120	torch.bfloat16	torch.bfloat16	false	5043	5120	3.525103807449341	0.46728408336639404	not_zero	0.13255895681112062	0.021240234375	0	0
1	diagnostic-B4	24	attn_in	4x5120	1x5120	torch.bfloat16	torch.bfloat16	false	5043	5120	3.525103807449341	0.46728408336639404	not_zero	0.13255895681112062	0.021240234375	0	0
1	diagnostic-B4	24	attn_out	4x5120	1x5120	torch.bfloat16	torch.bfloat16	false	5061	5120	42.643211364746094	8.0193510055542	not_zero	0.18805692040782698	0.4765625	0	0
1	diagnostic-B4	24	ffn_norm_in	4x5120	1x5120	torch.bfloat16	torch.bfloat16	false	5049	5120	75.521728515625	10.093377113342285	not_zero	0.13364865068275053	0.5458984375	0	0
1	diagnostic-B4	24	ffn_norm_out	4x5120	1x5120	torch.bfloat16	torch.bfloat16	false	5036	5120	29.22224235534668	3.888096809387207	not_zero	0.13305265085777435	0.2099609375	0	0
1	diagnostic-B4	24	ffn_in	4x5120	1x5120	torch.bfloat16	torch.bfloat16	false	5036	5120	29.22224235534668	3.888096809387207	not_zero	0.13305265085777435	0.2099609375	0	0
1	diagnostic-B4	24	ffn_out	4x5120	1x5120	torch.bfloat16	torch.bfloat16	false	5097	5120	24.180574417114258	7.075222015380859	not_zero	0.292599418580116	0.359375	0	0
1	diagnostic-B4	25	layer_entry	4x5120	1x5120	torch.bfloat16	torch.bfloat16	false	5097	5120	24.180574417114258	7.075222015380859	not_zero	0.292599418580116	0.359375	0	0
1	diagnostic-B4	25	attn_norm_in	4x5120	1x5120	torch.bfloat16	torch.bfloat16	false	5074	5120	141.14602661132812	20.15071678161621	not_zero	0.1427650304114119	1.1328125	0	0
1	diagnostic-B4	25	attn_norm_out	4x5120	1x5120	torch.bfloat16	torch.bfloat16	false	5055	5120	3.211484432220459	0.4584815204143524	not_zero	0.14276311471868253	0.0252685546875	0	0
1	diagnostic-B4	25	attn_in	4x5120	1x5120	torch.bfloat16	torch.bfloat16	false	5055	5120	3.211484432220459	0.4584815204143524	not_zero	0.14276311471868253	0.0252685546875	0	0
1	diagnostic-B4	25	attn_out	4x5120	1x5120	torch.bfloat16	torch.bfloat16	false	5064	5120	45.9742546081543	8.505581855773926	not_zero	0.1850074988331691	0.4296875	0	0
1	diagnostic-B4	25	ffn_norm_in	4x5120	1x5120	torch.bfloat16	torch.bfloat16	false	5073	5120	95.13330841064453	16.82495880126953	not_zero	0.17685665601625367	0.91064453125	0	0
1	diagnostic-B4	25	ffn_norm_out	4x5120	1x5120	torch.bfloat16	torch.bfloat16	false	5075	5120	33.97990798950195	5.996314525604248	not_zero	0.1764664732893568	0.32763671875	0	0
1	diagnostic-B4	25	ffn_in	4x5120	1x5120	torch.bfloat16	torch.bfloat16	false	5075	5120	33.97990798950195	5.996314525604248	not_zero	0.1764664732893568	0.32763671875	0	0
1	diagnostic-B4	25	ffn_out	4x5120	1x5120	torch.bfloat16	torch.bfloat16	false	5094	5120	33.801700592041016	11.497179985046387	not_zero	0.34013614059860425	0.552734375	0	0
1	diagnostic-B4	26	layer_entry	4x5120	1x5120	torch.bfloat16	torch.bfloat16	false	5094	5120	33.801700592041016	11.497179985046387	not_zero	0.34013614059860425	0.552734375	0	0
1	diagnostic-B4	26	attn_norm_in	4x5120	1x5120	torch.bfloat16	torch.bfloat16	false	5042	5120	83.05142974853516	9.690217018127441	not_zero	0.11667730522481891	0.5123291015625	0	0
1	diagnostic-B4	26	attn_norm_out	4x5120	1x5120	torch.bfloat16	torch.bfloat16	false	5052	5120	1.8059016466140747	0.21039557456970215	not_zero	0.11650444804908258	0.011600494384765625	0	0
1	diagnostic-B4	26	attn_in	4x5120	1x5120	torch.bfloat16	torch.bfloat16	false	5052	5120	1.8059016466140747	0.21039557456970215	not_zero	0.11650444804908258	0.011600494384765625	0	0
1	diagnostic-B4	26	attn_out	4x5120	1x5120	torch.bfloat16	torch.bfloat16	false	5001	5120	79.43251037597656	6.896543502807617	not_zero	0.08682268091697372	0.390625	0	0
1	diagnostic-B4	26	ffn_norm_in	4x5120	1x5120	torch.bfloat16	torch.bfloat16	false	5070	5120	119.25659942626953	26.432418823242188	not_zero	0.22164323777808245	1.3994140625	0	0
1	diagnostic-B4	26	ffn_norm_out	4x5120	1x5120	torch.bfloat16	torch.bfloat16	false	5064	5120	35.43473434448242	7.815088748931885	not_zero	0.22054881724120445	0.4151611328125	0	0
1	diagnostic-B4	26	ffn_in	4x5120	1x5120	torch.bfloat16	torch.bfloat16	false	5064	5120	35.43473434448242	7.815088748931885	not_zero	0.22054881724120445	0.4151611328125	0	0
1	diagnostic-B4	26	ffn_out	4x5120	1x5120	torch.bfloat16	torch.bfloat16	false	5078	5120	26.82662010192871	7.3277387619018555	not_zero	0.27315176992330187	0.421875	0	0
1	diagnostic-B4	27	layer_entry	4x5120	1x5120	torch.bfloat16	torch.bfloat16	false	5078	5120	26.82662010192871	7.3277387619018555	not_zero	0.27315176992330187	0.421875	0	0
1	diagnostic-B4	27	attn_norm_in	4x5120	1x5120	torch.bfloat16	torch.bfloat16	false	5066	5120	162.67803955078125	26.910184860229492	not_zero	0.16541989892759473	1.37109375	0	0
1	diagnostic-B4	27	attn_norm_out	4x5120	1x5120	torch.bfloat16	torch.bfloat16	false	5063	5120	2.858510971069336	0.45215392112731934	not_zero	0.15817813039848988	0.02337646484375	0	0
1	diagnostic-B4	27	attn_in	4x5120	1x5120	torch.bfloat16	torch.bfloat16	false	5063	5120	2.858510971069336	0.45215392112731934	not_zero	0.15817813039848988	0.02337646484375	0	0
1	diagnostic-B4	27	attn_out	4x5120	1x5120	torch.bfloat16	torch.bfloat16	false	5038	5120	93.25711822509766	11.628117561340332	not_zero	0.12468879354896188	0.5859375	0	0
1	diagnostic-B4	27	ffn_norm_in	4x5120	1x5120	torch.bfloat16	torch.bfloat16	false	5058	5120	102.74480438232422	15.885998725891113	not_zero	0.15461607836419292	0.8359375	0	0
1	diagnostic-B4	27	ffn_norm_out	4x5120	1x5120	torch.bfloat16	torch.bfloat16	false	5064	5120	33.24016571044922	4.8958740234375	not_zero	0.14728789459369201	0.25048828125	0	0
1	diagnostic-B4	27	ffn_in	4x5120	1x5120	torch.bfloat16	torch.bfloat16	false	5064	5120	33.24016571044922	4.8958740234375	not_zero	0.14728789459369201	0.25048828125	0	0
1	diagnostic-B4	27	ffn_out	4x5120	1x5120	torch.bfloat16	torch.bfloat16	false	5051	5120	30.394908905029297	5.256597995758057	not_zero	0.17294337062113296	0.27734375	0	0
1	diagnostic-B4	28	layer_entry	4x5120	1x5120	torch.bfloat16	torch.bfloat16	false	5051	5120	30.394908905029297	5.256597995758057	not_zero	0.17294337062113296	0.27734375	0	0
1	diagnostic-B4	28	attn_norm_in	4x5120	1x5120	torch.bfloat16	torch.bfloat16	false	5064	5120	149.22076416015625	21.058698654174805	not_zero	0.14112445256997103	1.171875	0	0
1	diagnostic-B4	28	attn_norm_out	4x5120	1x5120	torch.bfloat16	torch.bfloat16	false	5050	5120	2.7176570892333984	0.37421125173568726	not_zero	0.13769627272631568	0.018310546875	0	0
1	diagnostic-B4	28	attn_in	4x5120	1x5120	torch.bfloat16	torch.bfloat16	false	5050	5120	2.7176570892333984	0.37421125173568726	not_zero	0.13769627272631568	0.018310546875	0	0
1	diagnostic-B4	28	attn_out	4x5120	1x5120	torch.bfloat16	torch.bfloat16	false	4994	5120	80.05419158935547	7.184680461883545	not_zero	0.08974771113470174	0.36328125	0	0
1	diagnostic-B4	28	ffn_norm_in	4x5120	1x5120	torch.bfloat16	torch.bfloat16	false	5049	5120	106.3907699584961	13.310029029846191	not_zero	0.12510511048128087	0.796875	0	0
1	diagnostic-B4	28	ffn_norm_out	4x5120	1x5120	torch.bfloat16	torch.bfloat16	false	5046	5120	35.60149002075195	4.155942440032959	not_zero	0.11673507029089171	0.22265625	0	0
1	diagnostic-B4	28	ffn_in	4x5120	1x5120	torch.bfloat16	torch.bfloat16	false	5046	5120	35.60149002075195	4.155942440032959	not_zero	0.11673507029089171	0.22265625	0	0
1	diagnostic-B4	28	ffn_out	4x5120	1x5120	torch.bfloat16	torch.bfloat16	false	5070	5120	41.621639251708984	6.32967472076416	not_zero	0.1520765360173618	0.328125	0	0
1	diagnostic-B4	29	layer_entry	4x5120	1x5120	torch.bfloat16	torch.bfloat16	false	5070	5120	41.621639251708984	6.32967472076416	not_zero	0.1520765360173618	0.328125	0	0
1	diagnostic-B4	29	attn_norm_in	4x5120	1x5120	torch.bfloat16	torch.bfloat16	false	5049	5120	90.0519790649414	10.148736953735352	not_zero	0.11269865536676926	0.625	0	0
1	diagnostic-B4	29	attn_norm_out	4x5120	1x5120	torch.bfloat16	torch.bfloat16	false	5030	5120	2.510981559753418	0.25655853748321533	not_zero	0.10217460040145009	0.013214111328125	0	0
1	diagnostic-B4	29	attn_in	4x5120	1x5120	torch.bfloat16	torch.bfloat16	false	5030	5120	2.510981559753418	0.25655853748321533	not_zero	0.10217460040145009	0.013214111328125	0	0
1	diagnostic-B4	29	attn_out	4x5120	1x5120	torch.bfloat16	torch.bfloat16	false	5005	5120	56.74549102783203	4.92958402633667	not_zero	0.0868718190123485	0.3046875	0	0
1	diagnostic-B4	29	ffn_norm_in	4x5120	1x5120	torch.bfloat16	torch.bfloat16	false	5068	5120	124.5405502319336	16.21744728088379	not_zero	0.13021820805096662	1.03125	0	0
1	diagnostic-B4	29	ffn_norm_out	4x5120	1x5120	torch.bfloat16	torch.bfloat16	false	5037	5120	35.246070861816406	3.969886302947998	not_zero	0.11263344270378653	0.205078125	0	0
1	diagnostic-B4	29	ffn_in	4x5120	1x5120	torch.bfloat16	torch.bfloat16	false	5037	5120	35.246070861816406	3.969886302947998	not_zero	0.11263344270378653	0.205078125	0	0
1	diagnostic-B4	29	ffn_out	4x5120	1x5120	torch.bfloat16	torch.bfloat16	false	5064	5120	34.38181686401367	5.4312615394592285	not_zero	0.15796900905326947	0.3037109375	0	0
1	diagnostic-B4	30	layer_entry	4x5120	1x5120	torch.bfloat16	torch.bfloat16	false	5064	5120	34.38181686401367	5.4312615394592285	not_zero	0.15796900905326947	0.3037109375	0	0
1	diagnostic-B4	30	attn_norm_in	4x5120	1x5120	torch.bfloat16	torch.bfloat16	false	5048	5120	64.21881103515625	6.513739585876465	not_zero	0.10143039836583945	0.3359375	0	0
1	diagnostic-B4	30	attn_norm_out	4x5120	1x5120	torch.bfloat16	torch.bfloat16	false	5014	5120	2.3298394680023193	0.19271419942378998	not_zero	0.08271565576534311	0.009033203125	0	0
1	diagnostic-B4	30	attn_in	4x5120	1x5120	torch.bfloat16	torch.bfloat16	false	5014	5120	2.3298394680023193	0.19271419942378998	not_zero	0.08271565576534311	0.009033203125	0	0
1	diagnostic-B4	30	attn_out	4x5120	1x5120	torch.bfloat16	torch.bfloat16	false	5011	5120	38.48366165161133	3.2585089206695557	not_zero	0.08467252805017633	0.16021728515625	0	0
1	diagnostic-B4	30	ffn_norm_in	4x5120	1x5120	torch.bfloat16	torch.bfloat16	false	5064	5120	159.2675323486328	20.149803161621094	not_zero	0.12651544771544307	1.171875	0	0
1	diagnostic-B4	30	ffn_norm_out	4x5120	1x5120	torch.bfloat16	torch.bfloat16	false	5032	5120	34.7339973449707	4.016075611114502	not_zero	0.11562376685953217	0.2294921875	0	0
1	diagnostic-B4	30	ffn_in	4x5120	1x5120	torch.bfloat16	torch.bfloat16	false	5032	5120	34.7339973449707	4.016075611114502	not_zero	0.11562376685953217	0.2294921875	0	0
1	diagnostic-B4	30	ffn_out	4x5120	1x5120	torch.bfloat16	torch.bfloat16	false	5049	5120	24.688350677490234	3.6394224166870117	not_zero	0.1474145626101009	0.212890625	0	0
1	diagnostic-B4	31	layer_entry	4x5120	1x5120	torch.bfloat16	torch.bfloat16	false	5049	5120	24.688350677490234	3.6394224166870117	not_zero	0.1474145626101009	0.212890625	0	0
1	diagnostic-B4	31	attn_norm_in	4x5120	1x5120	torch.bfloat16	torch.bfloat16	false	5062	5120	95.83209991455078	10.854135513305664	not_zero	0.11326200222038141	0.5625	0	0
1	diagnostic-B4	31	attn_norm_out	4x5120	1x5120	torch.bfloat16	torch.bfloat16	false	5037	5120	2.4496850967407227	0.24373717606067657	not_zero	0.0994973502451258	0.01336669921875	0	0
1	diagnostic-B4	31	attn_in	4x5120	1x5120	torch.bfloat16	torch.bfloat16	false	5037	5120	2.4496850967407227	0.24373717606067657	not_zero	0.0994973502451258	0.01336669921875	0	0
1	diagnostic-B4	31	attn_out	4x5120	1x5120	torch.bfloat16	torch.bfloat16	false	4991	5120	61.61684799194336	4.848829746246338	not_zero	0.07869324550454676	0.29296875	0	0
1	diagnostic-B4	31	ffn_norm_in	4x5120	1x5120	torch.bfloat16	torch.bfloat16	false	5081	5120	144.6006622314453	18.942752838134766	not_zero	0.1310004570229099	1.0625	0	0
1	diagnostic-B4	31	ffn_norm_out	4x5120	1x5120	torch.bfloat16	torch.bfloat16	false	5039	5120	35.378746032714844	3.9965908527374268	not_zero	0.11296587078133764	0.232421875	0	0
1	diagnostic-B4	31	ffn_in	4x5120	1x5120	torch.bfloat16	torch.bfloat16	false	5039	5120	35.378746032714844	3.9965908527374268	not_zero	0.11296587078133764	0.232421875	0	0
1	diagnostic-B4	31	ffn_out	4x5120	1x5120	torch.bfloat16	torch.bfloat16	false	5022	5120	35.6317024230957	4.2258620262146	not_zero	0.11859837557117357	0.23486328125	0	0
1	diagnostic-B4	32	layer_entry	4x5120	1x5120	torch.bfloat16	torch.bfloat16	false	5022	5120	35.6317024230957	4.2258620262146	not_zero	0.11859837557117357	0.23486328125	0	0
1	diagnostic-B4	32	attn_norm_in	4x5120	1x5120	torch.bfloat16	torch.bfloat16	false	5047	5120	107.29960632324219	10.65220832824707	not_zero	0.0992753719539015	0.53125	0	0
1	diagnostic-B4	32	attn_norm_out	4x5120	1x5120	torch.bfloat16	torch.bfloat16	false	5004	5120	2.3818535804748535	0.22284100949764252	not_zero	0.09355781200170006	0.010837554931640625	0	0
1	diagnostic-B4	32	attn_in	4x5120	1x5120	torch.bfloat16	torch.bfloat16	false	5004	5120	2.3818535804748535	0.22284100949764252	not_zero	0.09355781200170006	0.010837554931640625	0	0
1	diagnostic-B4	32	attn_out	4x5120	1x5120	torch.bfloat16	torch.bfloat16	false	4987	5120	58.55453109741211	4.569955825805664	not_zero	0.07804615185463656	0.21484375	0	0
1	diagnostic-B4	32	ffn_norm_in	4x5120	1x5120	torch.bfloat16	torch.bfloat16	false	5054	5120	152.31626892089844	17.82329559326172	not_zero	0.11701504848781316	0.90625	0	0
1	diagnostic-B4	32	ffn_norm_out	4x5120	1x5120	torch.bfloat16	torch.bfloat16	false	5022	5120	34.14111328125	3.3678767681121826	not_zero	0.09864578053937659	0.17236328125	0	0
1	diagnostic-B4	32	ffn_in	4x5120	1x5120	torch.bfloat16	torch.bfloat16	false	5022	5120	34.14111328125	3.3678767681121826	not_zero	0.09864578053937659	0.17236328125	0	0
1	diagnostic-B4	32	ffn_out	4x5120	1x5120	torch.bfloat16	torch.bfloat16	false	5042	5120	38.67354965209961	4.655932903289795	not_zero	0.12039062731954375	0.2255859375	0	0
1	diagnostic-B4	33	layer_entry	4x5120	1x5120	torch.bfloat16	torch.bfloat16	false	5042	5120	38.67354965209961	4.655932903289795	not_zero	0.12039062731954375	0.2255859375	0	0
1	diagnostic-B4	33	attn_norm_in	4x5120	1x5120	torch.bfloat16	torch.bfloat16	false	5030	5120	93.1196517944336	10.263081550598145	not_zero	0.1102139167493283	0.484375	0	0
1	diagnostic-B4	33	attn_norm_out	4x5120	1x5120	torch.bfloat16	torch.bfloat16	false	5022	5120	1.9219491481781006	0.1731550097465515	not_zero	0.09009343973054267	0.00830078125	0	0
1	diagnostic-B4	33	attn_in	4x5120	1x5120	torch.bfloat16	torch.bfloat16	false	5022	5120	1.9219491481781006	0.1731550097465515	not_zero	0.09009343973054267	0.00830078125	0	0
1	diagnostic-B4	33	attn_out	4x5120	1x5120	torch.bfloat16	torch.bfloat16	false	4946	5120	44.46729278564453	2.5459964275360107	not_zero	0.05725548528013696	0.1552734375	0	0
1	diagnostic-B4	33	ffn_norm_in	4x5120	1x5120	torch.bfloat16	torch.bfloat16	false	5032	5120	145.4005889892578	14.505047798156738	not_zero	0.09975920936075693	0.734375	0	0
1	diagnostic-B4	33	ffn_norm_out	4x5120	1x5120	torch.bfloat16	torch.bfloat16	false	5016	5120	34.976043701171875	3.3056817054748535	not_zero	0.09451273945440823	0.167236328125	0	0
1	diagnostic-B4	33	ffn_in	4x5120	1x5120	torch.bfloat16	torch.bfloat16	false	5016	5120	34.976043701171875	3.3056817054748535	not_zero	0.09451273945440823	0.167236328125	0	0
1	diagnostic-B4	33	ffn_out	4x5120	1x5120	torch.bfloat16	torch.bfloat16	false	5038	5120	28.736663818359375	3.5409018993377686	not_zero	0.12321896242790527	0.1943359375	0	0
1	diagnostic-B4	34	layer_entry	4x5120	1x5120	torch.bfloat16	torch.bfloat16	false	5038	5120	28.736663818359375	3.5409018993377686	not_zero	0.12321896242790527	0.1943359375	0	0
1	diagnostic-B4	34	attn_norm_in	4x5120	1x5120	torch.bfloat16	torch.bfloat16	false	5018	5120	207.42709350585938	17.08448600769043	not_zero	0.08236381139481101	0.78125	0	0
1	diagnostic-B4	34	attn_norm_out	4x5120	1x5120	torch.bfloat16	torch.bfloat16	false	5010	5120	1.897071123123169	0.1553666740655899	not_zero	0.08189818092313168	0.00732421875	0	0
1	diagnostic-B4	34	attn_in	4x5120	1x5120	torch.bfloat16	torch.bfloat16	false	5010	5120	1.897071123123169	0.1553666740655899	not_zero	0.08189818092313168	0.00732421875	0	0
1	diagnostic-B4	34	attn_out	4x5120	1x5120	torch.bfloat16	torch.bfloat16	false	5001	5120	63.11051940917969	4.68371057510376	not_zero	0.07421441970294566	0.24609375	0	0
1	diagnostic-B4	34	ffn_norm_in	4x5120	1x5120	torch.bfloat16	torch.bfloat16	false	5027	5120	158.66091918945312	15.897196769714355	not_zero	0.10019604607692902	0.75	0	0
1	diagnostic-B4	34	ffn_norm_out	4x5120	1x5120	torch.bfloat16	torch.bfloat16	false	5014	5120	34.863285064697266	3.36796498298645	not_zero	0.09660492339538215	0.171875	0	0
1	diagnostic-B4	34	ffn_in	4x5120	1x5120	torch.bfloat16	torch.bfloat16	false	5014	5120	34.863285064697266	3.36796498298645	not_zero	0.09660492339538215	0.171875	0	0
1	diagnostic-B4	34	ffn_out	4x5120	1x5120	torch.bfloat16	torch.bfloat16	false	5036	5120	28.415739059448242	3.4908554553985596	not_zero	0.12284936344943839	0.19140625	0	0
1	diagnostic-B4	35	layer_entry	4x5120	1x5120	torch.bfloat16	torch.bfloat16	false	5036	5120	28.415739059448242	3.4908554553985596	not_zero	0.12284936344943839	0.19140625	0	0
1	diagnostic-B4	35	attn_norm_in	4x5120	1x5120	torch.bfloat16	torch.bfloat16	false	4990	5120	179.7624053955078	14.817480087280273	not_zero	0.0824281364876004	0.73828125	0	0
1	diagnostic-B4	35	attn_norm_out	4x5120	1x5120	torch.bfloat16	torch.bfloat16	false	5006	5120	2.015408515930176	0.16610704362392426	not_zero	0.08241854805662589	0.0087890625	0	0
1	diagnostic-B4	35	attn_in	4x5120	1x5120	torch.bfloat16	torch.bfloat16	false	5006	5120	2.015408515930176	0.16610704362392426	not_zero	0.08241854805662589	0.0087890625	0	0
1	diagnostic-B4	35	attn_out	4x5120	1x5120	torch.bfloat16	torch.bfloat16	false	4957	5120	56.52774429321289	3.362658739089966	not_zero	0.059486872882237224	0.1953125	0	0
1	diagnostic-B4	35	ffn_norm_in	4x5120	1x5120	torch.bfloat16	torch.bfloat16	false	5045	5120	162.5365447998047	17.862581253051758	not_zero	0.10989886166863579	0.890625	0	0
1	diagnostic-B4	35	ffn_norm_out	4x5120	1x5120	torch.bfloat16	torch.bfloat16	false	5017	5120	41.223365783691406	4.004551887512207	not_zero	0.09714276870367701	0.1923828125	0	0
1	diagnostic-B4	35	ffn_in	4x5120	1x5120	torch.bfloat16	torch.bfloat16	false	5017	5120	41.223365783691406	4.004551887512207	not_zero	0.09714276870367701	0.1923828125	0	0
1	diagnostic-B4	35	ffn_out	4x5120	1x5120	torch.bfloat16	torch.bfloat16	false	5019	5120	41.217185974121094	4.778120517730713	not_zero	0.11592544238053361	0.23828125	0	0
1	diagnostic-B4	36	layer_entry	4x5120	1x5120	torch.bfloat16	torch.bfloat16	false	5019	5120	41.217185974121094	4.778120517730713	not_zero	0.11592544238053361	0.23828125	0	0
1	diagnostic-B4	36	attn_norm_in	4x5120	1x5120	torch.bfloat16	torch.bfloat16	false	5035	5120	161.6715087890625	14.850545883178711	not_zero	0.0918562954871328	0.84375	0	0
1	diagnostic-B4	36	attn_norm_out	4x5120	1x5120	torch.bfloat16	torch.bfloat16	false	5033	5120	2.838320016860962	0.259889155626297	not_zero	0.09156443039630226	0.01416015625	0	0
1	diagnostic-B4	36	attn_in	4x5120	1x5120	torch.bfloat16	torch.bfloat16	false	5033	5120	2.838320016860962	0.259889155626297	not_zero	0.09156443039630226	0.01416015625	0	0
1	diagnostic-B4	36	attn_out	4x5120	1x5120	torch.bfloat16	torch.bfloat16	false	4979	5120	73.48359680175781	5.037559986114502	not_zero	0.06855353038453879	0.25	0	0
1	diagnostic-B4	36	ffn_norm_in	4x5120	1x5120	torch.bfloat16	torch.bfloat16	false	5038	5120	189.4661407470703	18.86701774597168	not_zero	0.09957989153934575	1.25	0	0
1	diagnostic-B4	36	ffn_norm_out	4x5120	1x5120	torch.bfloat16	torch.bfloat16	false	4998	5120	39.71976089477539	3.578293800354004	not_zero	0.09008850304596575	0.18310546875	0	0
1	diagnostic-B4	36	ffn_in	4x5120	1x5120	torch.bfloat16	torch.bfloat16	false	4998	5120	39.71976089477539	3.578293800354004	not_zero	0.09008850304596575	0.18310546875	0	0
1	diagnostic-B4	36	ffn_out	4x5120	1x5120	torch.bfloat16	torch.bfloat16	false	5022	5120	32.76913070678711	3.8425896167755127	not_zero	0.1172624825222977	0.2021484375	0	0
1	diagnostic-B4	37	layer_entry	4x5120	1x5120	torch.bfloat16	torch.bfloat16	false	5022	5120	32.76913070678711	3.8425896167755127	not_zero	0.1172624825222977	0.2021484375	0	0
1	diagnostic-B4	37	attn_norm_in	4x5120	1x5120	torch.bfloat16	torch.bfloat16	false	5008	5120	172.26414489746094	14.347673416137695	not_zero	0.08328879712419582	0.70703125	0	0
1	diagnostic-B4	37	attn_norm_out	4x5120	1x5120	torch.bfloat16	torch.bfloat16	false	5000	5120	3.0593395233154297	0.2558608055114746	not_zero	0.08363269377639926	0.01324462890625	0	0
1	diagnostic-B4	37	attn_in	4x5120	1x5120	torch.bfloat16	torch.bfloat16	false	5000	5120	3.0593395233154297	0.2558608055114746	not_zero	0.08363269377639926	0.01324462890625	0	0
1	diagnostic-B4	37	attn_out	4x5120	1x5120	torch.bfloat16	torch.bfloat16	false	5024	5120	54.224857330322266	5.186276435852051	not_zero	0.09564389269405991	0.296875	0	0
1	diagnostic-B4	37	ffn_norm_in	4x5120	1x5120	torch.bfloat16	torch.bfloat16	false	5032	5120	193.47213745117188	18.055585861206055	not_zero	0.09332395919677523	1.09375	0	0
1	diagnostic-B4	37	ffn_norm_out	4x5120	1x5120	torch.bfloat16	torch.bfloat16	false	5016	5120	40.0148811340332	3.5563275814056396	not_zero	0.08887512546878303	0.1826171875	0	0
1	diagnostic-B4	37	ffn_in	4x5120	1x5120	torch.bfloat16	torch.bfloat16	false	5016	5120	40.0148811340332	3.5563275814056396	not_zero	0.08887512546878303	0.1826171875	0	0
1	diagnostic-B4	37	ffn_out	4x5120	1x5120	torch.bfloat16	torch.bfloat16	false	5028	5120	45.48237991333008	5.050629615783691	not_zero	0.11104585172121659	0.267578125	0	0
1	diagnostic-B4	38	layer_entry	4x5120	1x5120	torch.bfloat16	torch.bfloat16	false	5028	5120	45.48237991333008	5.050629615783691	not_zero	0.11104585172121659	0.267578125	0	0
1	diagnostic-B4	38	attn_norm_in	4x5120	1x5120	torch.bfloat16	torch.bfloat16	false	5029	5120	223.96275329589844	18.104122161865234	not_zero	0.08083541524400784	0.875	0	0
1	diagnostic-B4	38	attn_norm_out	4x5120	1x5120	torch.bfloat16	torch.bfloat16	false	5012	5120	2.269603729248047	0.18084263801574707	not_zero	0.07968027003359873	0.0087890625	0	0
1	diagnostic-B4	38	attn_in	4x5120	1x5120	torch.bfloat16	torch.bfloat16	false	5012	5120	2.269603729248047	0.18084263801574707	not_zero	0.07968027003359873	0.0087890625	0	0
1	diagnostic-B4	38	attn_out	4x5120	1x5120	torch.bfloat16	torch.bfloat16	false	4907	5120	45.27104568481445	2.154804229736328	not_zero	0.047597845314607506	0.111328125	0	0
1	diagnostic-B4	38	ffn_norm_in	4x5120	1x5120	torch.bfloat16	torch.bfloat16	false	5025	5120	197.23837280273438	17.55364227294922	not_zero	0.0889970953598633	0.875	0	0
1	diagnostic-B4	38	ffn_norm_out	4x5120	1x5120	torch.bfloat16	torch.bfloat16	false	5024	5120	38.14085388183594	3.3470945358276367	not_zero	0.0877561510866343	0.16796875	0	0
1	diagnostic-B4	38	ffn_in	4x5120	1x5120	torch.bfloat16	torch.bfloat16	false	5024	5120	38.14085388183594	3.3470945358276367	not_zero	0.0877561510866343	0.16796875	0	0
1	diagnostic-B4	38	ffn_out	4x5120	1x5120	torch.bfloat16	torch.bfloat16	false	4946	5120	91.96285247802734	5.810003757476807	not_zero	0.06317772449332179	0.2724609375	0	0
1	diagnostic-B4	39	layer_entry	4x5120	1x5120	torch.bfloat16	torch.bfloat16	false	4946	5120	91.96285247802734	5.810003757476807	not_zero	0.06317772449332179	0.2724609375	0	0
1	diagnostic-B4	39	attn_norm_in	4x5120	1x5120	torch.bfloat16	torch.bfloat16	false	4999	5120	247.4531707763672	19.091094970703125	not_zero	0.07715033479185632	1.09375	0	0
1	diagnostic-B4	39	attn_norm_out	4x5120	1x5120	torch.bfloat16	torch.bfloat16	false	5016	5120	1.8853036165237427	0.14548704028129578	not_zero	0.07716902413286363	0.00860595703125	0	0
1	diagnostic-B4	39	attn_in	4x5120	1x5120	torch.bfloat16	torch.bfloat16	false	5016	5120	1.8853036165237427	0.14548704028129578	not_zero	0.07716902413286363	0.00860595703125	0	0
1	diagnostic-B4	39	attn_out	4x5120	1x5120	torch.bfloat16	torch.bfloat16	false	4815	5120	138.78292846679688	4.4933552742004395	not_zero	0.032376858766713895	0.375	0	0
1	diagnostic-B4	39	ffn_norm_in	4x5120	1x5120	torch.bfloat16	torch.bfloat16	false	5029	5120	211.62123107910156	18.410730361938477	not_zero	0.08699850326008528	0.9765625	0	0
1	diagnostic-B4	39	ffn_norm_out	4x5120	1x5120	torch.bfloat16	torch.bfloat16	false	5014	5120	34.13896942138672	2.916391611099243	not_zero	0.08542705478602523	0.15869140625	0	0
1	diagnostic-B4	39	ffn_in	4x5120	1x5120	torch.bfloat16	torch.bfloat16	false	5014	5120	34.13896942138672	2.916391611099243	not_zero	0.08542705478602523	0.15869140625	0	0
1	diagnostic-B4	39	ffn_out	4x5120	1x5120	torch.bfloat16	torch.bfloat16	false	4986	5120	96.3650131225586	6.892132759094238	not_zero	0.07152111057494188	1.75	0	0
